Command line invocation:
    /Applications/Xcode_26.6.app/Contents/Developer/usr/bin/xcodebuild -project CodegiOS.xcodeproj -scheme CodegiOS -configuration Release -sdk iphonesimulator -destination "generic/platform=iOS Simulator" -derivedDataPath simbuild -skipMacroValidation CODE_SIGNING_ALLOWED=NO CODE_SIGNING_REQUIRED=NO ARCHS=arm64 ONLY_ACTIVE_ARCH=YES build

Build settings from command line:
    ARCHS = arm64
    CODE_SIGNING_ALLOWED = NO
    CODE_SIGNING_REQUIRED = NO
    ONLY_ACTIVE_ARCH = YES
    SDKROOT = iphonesimulator26.5

Resolve Package Graph

Fetching from https://github.com/migueldeicaza/SwiftTerm

Fetching from https://github.com/apple/swift-argument-parser

Creating working copy of package ‘SwiftTerm’

Checking out 1.13.0 of package ‘SwiftTerm’

Creating working copy of package ‘swift-argument-parser’

Checking out 1.8.2 of package ‘swift-argument-parser’


Resolved source packages:
  SwiftTerm: https://github.com/migueldeicaza/SwiftTerm @ 1.13.0
  swift-argument-parser: https://github.com/apple/swift-argument-parser @ 1.8.2

2026-09-24 04:47:21.246 xcodebuild[4220:16543] [MT] IDERunDestination: Supported platforms for the buildables in the current scheme is empty.
ComputePackagePrebuildTargetDependencyGraph

Prepare packages

CreateBuildRequest

SendProjectDescription

CreateBuildOperation

ComputeTargetDependencyGraph
note: Building targets in dependency order
note: Target dependency graph (4 targets)
    Target 'CodegiOS' in project 'CodegiOS'
        ➜ Explicit dependency on target 'SwiftTerm' in project 'SwiftTerm'
    Target 'SwiftTerm' in project 'SwiftTerm'
        ➜ Explicit dependency on target 'SwiftTerm' in project 'SwiftTerm'
        ➜ Explicit dependency on target 'SwiftTerm_SwiftTerm' in project 'SwiftTerm'
    Target 'SwiftTerm' in project 'SwiftTerm'
        ➜ Explicit dependency on target 'SwiftTerm_SwiftTerm' in project 'SwiftTerm'
    Target 'SwiftTerm_SwiftTerm' in project 'SwiftTerm' (no dependencies)

GatherProvisioningInputs

CreateBuildDescription

ExecuteExternalTool /Applications/Xcode_26.6.app/Contents/Developer/Toolchains/XcodeDefault.xctoolchain/usr/bin/swiftc --version

ExecuteExternalTool /Applications/Xcode_26.6.app/Contents/Developer/usr/bin/actool --print-asset-tag-combinations --output-format xml1 /Users/runner/work/codeg-ios/codeg-ios/CodegiOS/Resources/AppIcon.icon /Users/runner/work/codeg-ios/codeg-ios/CodegiOS/Resources/Assets.xcassets

ExecuteExternalTool /Applications/Xcode_26.6.app/Contents/Developer/Toolchains/XcodeDefault.xctoolchain/usr/bin/clang -v -E -dM -isysroot /Applications/Xcode_26.6.app/Contents/Developer/Platforms/iPhoneSimulator.platform/Developer/SDKs/iPhoneSimulator26.5.sdk -x c -c /dev/null

ExecuteExternalTool /Applications/Xcode_26.6.app/Contents/Developer/Toolchains/XcodeDefault.xctoolchain/usr/bin/ld -version_details

ReadFileContents /Applications/Xcode_26.6.app/Contents/Developer/Toolchains/XcodeDefault.xctoolchain/usr/share/docc/features.json

ExecuteExternalTool /Applications/Xcode_26.6.app/Contents/Developer/usr/bin/actool --version --output-format xml1

ExecuteExternalTool /Applications/Xcode_26.6.app/Contents/Developer/usr/bin/xcstringstool compile --dry-run --output-directory /Users/runner/work/codeg-ios/codeg-ios/simbuild/Build/Intermediates.noindex/CodegiOS.build/Release-iphonesimulator/CodegiOS.build /Users/runner/work/codeg-ios/codeg-ios/CodegiOS/Resources/Localizable.xcstrings

Build description signature: 47f3ae7bc4233260ef5638fdf7aa0b1e
Build description path: /Users/runner/work/codeg-ios/codeg-ios/simbuild/Build/Intermediates.noindex/XCBuildData/47f3ae7bc4233260ef5638fdf7aa0b1e.xcbuilddata
ClangStatCache /Applications/Xcode_26.6.app/Contents/Developer/Toolchains/XcodeDefault.xctoolchain/usr/bin/clang-stat-cache /Applications/Xcode_26.6.app/Contents/Developer/Platforms/iPhoneSimulator.platform/Developer/SDKs/iPhoneSimulator26.5.sdk /Users/runner/work/codeg-ios/codeg-ios/simbuild/SDKStatCaches.noindex/iphonesimulator26.5-23F81a-688ef53f1462e2c8f657fdc38a81448ff45c64a1807a658693f2a61704f17a36.sdkstatcache
    cd /Users/runner/work/codeg-ios/codeg-ios/CodegiOS.xcodeproj
    /Applications/Xcode_26.6.app/Contents/Developer/Toolchains/XcodeDefault.xctoolchain/usr/bin/clang-stat-cache /Applications/Xcode_26.6.app/Contents/Developer/Platforms/iPhoneSimulator.platform/Developer/SDKs/iPhoneSimulator26.5.sdk -o /Users/runner/work/codeg-ios/codeg-ios/simbuild/SDKStatCaches.noindex/iphonesimulator26.5-23F81a-688ef53f1462e2c8f657fdc38a81448ff45c64a1807a658693f2a61704f17a36.sdkstatcache

CreateBuildDirectory /Users/runner/work/codeg-ios/codeg-ios/simbuild/Build/Products
    cd /Users/runner/work/codeg-ios/codeg-ios/CodegiOS.xcodeproj
    builtin-create-build-directory /Users/runner/work/codeg-ios/codeg-ios/simbuild/Build/Products

CreateBuildDirectory /Users/runner/work/codeg-ios/codeg-ios/simbuild/Build/Intermediates.noindex
    cd /Users/runner/work/codeg-ios/codeg-ios/CodegiOS.xcodeproj
    builtin-create-build-directory /Users/runner/work/codeg-ios/codeg-ios/simbuild/Build/Intermediates.noindex

CreateBuildDirectory /Users/runner/work/codeg-ios/codeg-ios/simbuild/Build/Products/Release-iphonesimulator
    cd /Users/runner/work/codeg-ios/codeg-ios/CodegiOS.xcodeproj
    builtin-create-build-directory /Users/runner/work/codeg-ios/codeg-ios/simbuild/Build/Products/Release-iphonesimulator

WriteAuxiliaryFile /Users/runner/work/codeg-ios/codeg-ios/simbuild/Build/Intermediates.noindex/CodegiOS.build/Release-iphonesimulator/CodegiOS-d8c00a8ece3c619e25b91743c70f7b97-VFS-iphonesimulator/all-product-headers.yaml
    cd /Users/runner/work/codeg-ios/codeg-ios/CodegiOS.xcodeproj
    write-file /Users/runner/work/codeg-ios/codeg-ios/simbuild/Build/Intermediates.noindex/CodegiOS.build/Release-iphonesimulator/CodegiOS-d8c00a8ece3c619e25b91743c70f7b97-VFS-iphonesimulator/all-product-headers.yaml

CreateBuildDirectory /Users/runner/work/codeg-ios/codeg-ios/simbuild/Build/Intermediates.noindex/SwiftExplicitPrecompiledModules
    cd /Users/runner/work/codeg-ios/codeg-ios/CodegiOS.xcodeproj
    builtin-create-build-directory /Users/runner/work/codeg-ios/codeg-ios/simbuild/Build/Intermediates.noindex/SwiftExplicitPrecompiledModules

CreateBuildDirectory /Users/runner/work/codeg-ios/codeg-ios/simbuild/Build/Intermediates.noindex/ExplicitPrecompiledModules
    cd /Users/runner/work/codeg-ios/codeg-ios/CodegiOS.xcodeproj
    builtin-create-build-directory /Users/runner/work/codeg-ios/codeg-ios/simbuild/Build/Intermediates.noindex/ExplicitPrecompiledModules

CreateBuildDirectory /Users/runner/work/codeg-ios/codeg-ios/simbuild/Build/Products/Release-iphonesimulator/PackageFrameworks
    cd /Users/runner/work/codeg-ios/codeg-ios/CodegiOS.xcodeproj
    builtin-create-build-directory /Users/runner/work/codeg-ios/codeg-ios/simbuild/Build/Products/Release-iphonesimulator/PackageFrameworks

CreateBuildDirectory /Users/runner/work/codeg-ios/codeg-ios/simbuild/Build/Intermediates.noindex/EagerLinkingTBDs/Release-iphonesimulator
    cd /Users/runner/work/codeg-ios/codeg-ios/CodegiOS.xcodeproj
    builtin-create-build-directory /Users/runner/work/codeg-ios/codeg-ios/simbuild/Build/Intermediates.noindex/EagerLinkingTBDs/Release-iphonesimulator

WriteAuxiliaryFile /Users/runner/work/codeg-ios/codeg-ios/simbuild/Build/Intermediates.noindex/SwiftTerm.build/Release-iphonesimulator/SwiftTerm_SwiftTerm.build/empty-SwiftTerm_SwiftTerm.plist (in target 'SwiftTerm_SwiftTerm' from project 'SwiftTerm')
    cd /Users/runner/work/codeg-ios/codeg-ios/simbuild/SourcePackages/checkouts/SwiftTerm
    write-file /Users/runner/work/codeg-ios/codeg-ios/simbuild/Build/Intermediates.noindex/SwiftTerm.build/Release-iphonesimulator/SwiftTerm_SwiftTerm.build/empty-SwiftTerm_SwiftTerm.plist

WriteAuxiliaryFile /Users/runner/work/codeg-ios/codeg-ios/simbuild/Build/Intermediates.noindex/SwiftTerm.build/Release-iphonesimulator/SwiftTerm_SwiftTerm.build/SwiftTerm_SwiftTerm.DependencyStaticMetadataFileList (in target 'SwiftTerm_SwiftTerm' from project 'SwiftTerm')
    cd /Users/runner/work/codeg-ios/codeg-ios/simbuild/SourcePackages/checkouts/SwiftTerm
    write-file /Users/runner/work/codeg-ios/codeg-ios/simbuild/Build/Intermediates.noindex/SwiftTerm.build/Release-iphonesimulator/SwiftTerm_SwiftTerm.build/SwiftTerm_SwiftTerm.DependencyStaticMetadataFileList

WriteAuxiliaryFile /Users/runner/work/codeg-ios/codeg-ios/simbuild/Build/Intermediates.noindex/SwiftTerm.build/Release-iphonesimulator/SwiftTerm_SwiftTerm.build/SwiftTerm_SwiftTerm.DependencyMetadataFileList (in target 'SwiftTerm_SwiftTerm' from project 'SwiftTerm')
    cd /Users/runner/work/codeg-ios/codeg-ios/simbuild/SourcePackages/checkouts/SwiftTerm
    write-file /Users/runner/work/codeg-ios/codeg-ios/simbuild/Build/Intermediates.noindex/SwiftTerm.build/Release-iphonesimulator/SwiftTerm_SwiftTerm.build/SwiftTerm_SwiftTerm.DependencyMetadataFileList

MkDir /Users/runner/work/codeg-ios/codeg-ios/simbuild/Build/Products/Release-iphonesimulator/SwiftTerm_SwiftTerm.bundle (in target 'SwiftTerm_SwiftTerm' from project 'SwiftTerm')
    cd /Users/runner/work/codeg-ios/codeg-ios/simbuild/SourcePackages/checkouts/SwiftTerm
    /bin/mkdir -p /Users/runner/work/codeg-ios/codeg-ios/simbuild/Build/Products/Release-iphonesimulator/SwiftTerm_SwiftTerm.bundle

WriteAuxiliaryFile /Users/runner/work/codeg-ios/codeg-ios/simbuild/Build/Intermediates.noindex/SwiftTerm.build/Release-iphonesimulator/SwiftTerm.build/SwiftTerm.modulemap (in target 'SwiftTerm' from project 'SwiftTerm')
    cd /Users/runner/work/codeg-ios/codeg-ios/simbuild/SourcePackages/checkouts/SwiftTerm
    write-file /Users/runner/work/codeg-ios/codeg-ios/simbuild/Build/Intermediates.noindex/SwiftTerm.build/Release-iphonesimulator/SwiftTerm.build/SwiftTerm.modulemap

WriteAuxiliaryFile /Users/runner/work/codeg-ios/codeg-ios/simbuild/Build/Intermediates.noindex/SwiftTerm.build/Release-iphonesimulator/SwiftTerm.build/SwiftTerm.DependencyStaticMetadataFileList (in target 'SwiftTerm' from project 'SwiftTerm')
    cd /Users/runner/work/codeg-ios/codeg-ios/simbuild/SourcePackages/checkouts/SwiftTerm
    write-file /Users/runner/work/codeg-ios/codeg-ios/simbuild/Build/Intermediates.noindex/SwiftTerm.build/Release-iphonesimulator/SwiftTerm.build/SwiftTerm.DependencyStaticMetadataFileList

WriteAuxiliaryFile /Users/runner/work/codeg-ios/codeg-ios/simbuild/Build/Intermediates.noindex/SwiftTerm.build/Release-iphonesimulator/SwiftTerm.build/SwiftTerm.DependencyMetadataFileList (in target 'SwiftTerm' from project 'SwiftTerm')
    cd /Users/runner/work/codeg-ios/codeg-ios/simbuild/SourcePackages/checkouts/SwiftTerm
    write-file /Users/runner/work/codeg-ios/codeg-ios/simbuild/Build/Intermediates.noindex/SwiftTerm.build/Release-iphonesimulator/SwiftTerm.build/SwiftTerm.DependencyMetadataFileList

WriteAuxiliaryFile /Users/runner/work/codeg-ios/codeg-ios/simbuild/Build/Intermediates.noindex/SwiftTerm.build/Release-iphonesimulator/SwiftTerm.build/Objects-normal/arm64/SwiftTerm_const_extract_protocols.json (in target 'SwiftTerm' from project 'SwiftTerm')
    cd /Users/runner/work/codeg-ios/codeg-ios/simbuild/SourcePackages/checkouts/SwiftTerm
    write-file /Users/runner/work/codeg-ios/codeg-ios/simbuild/Build/Intermediates.noindex/SwiftTerm.build/Release-iphonesimulator/SwiftTerm.build/Objects-normal/arm64/SwiftTerm_const_extract_protocols.json

WriteAuxiliaryFile /Users/runner/work/codeg-ios/codeg-ios/simbuild/Build/Intermediates.noindex/SwiftTerm.build/Release-iphonesimulator/SwiftTerm.build/Objects-normal/arm64/SwiftTerm.SwiftFileList (in target 'SwiftTerm' from project 'SwiftTerm')
    cd /Users/runner/work/codeg-ios/codeg-ios/simbuild/SourcePackages/checkouts/SwiftTerm
    write-file /Users/runner/work/codeg-ios/codeg-ios/simbuild/Build/Intermediates.noindex/SwiftTerm.build/Release-iphonesimulator/SwiftTerm.build/Objects-normal/arm64/SwiftTerm.SwiftFileList

WriteAuxiliaryFile /Users/runner/work/codeg-ios/codeg-ios/simbuild/Build/Intermediates.noindex/SwiftTerm.build/Release-iphonesimulator/SwiftTerm.build/Objects-normal/arm64/SwiftTerm.SwiftConstValuesFileList (in target 'SwiftTerm' from project 'SwiftTerm')
    cd /Users/runner/work/codeg-ios/codeg-ios/simbuild/SourcePackages/checkouts/SwiftTerm
    write-file /Users/runner/work/codeg-ios/codeg-ios/simbuild/Build/Intermediates.noindex/SwiftTerm.build/Release-iphonesimulator/SwiftTerm.build/Objects-normal/arm64/SwiftTerm.SwiftConstValuesFileList

WriteAuxiliaryFile /Users/runner/work/codeg-ios/codeg-ios/simbuild/Build/Intermediates.noindex/SwiftTerm.build/Release-iphonesimulator/SwiftTerm.build/Objects-normal/arm64/SwiftTerm.LinkFileList (in target 'SwiftTerm' from project 'SwiftTerm')
    cd /Users/runner/work/codeg-ios/codeg-ios/simbuild/SourcePackages/checkouts/SwiftTerm
    write-file /Users/runner/work/codeg-ios/codeg-ios/simbuild/Build/Intermediates.noindex/SwiftTerm.build/Release-iphonesimulator/SwiftTerm.build/Objects-normal/arm64/SwiftTerm.LinkFileList

WriteAuxiliaryFile /Users/runner/work/codeg-ios/codeg-ios/simbuild/Build/Intermediates.noindex/SwiftTerm.build/Release-iphonesimulator/SwiftTerm.build/Objects-normal/arm64/SwiftTerm-OutputFileMap.json (in target 'SwiftTerm' from project 'SwiftTerm')
    cd /Users/runner/work/codeg-ios/codeg-ios/simbuild/SourcePackages/checkouts/SwiftTerm
    write-file /Users/runner/work/codeg-ios/codeg-ios/simbuild/Build/Intermediates.noindex/SwiftTerm.build/Release-iphonesimulator/SwiftTerm.build/Objects-normal/arm64/SwiftTerm-OutputFileMap.json

WriteAuxiliaryFile /Users/runner/work/codeg-ios/codeg-ios/simbuild/Build/Intermediates.noindex/SwiftTerm.build/Release-iphonesimulator/SwiftTerm.build/DerivedSources/resource_bundle_accessor.swift (in target 'SwiftTerm' from project 'SwiftTerm')
    cd /Users/runner/work/codeg-ios/codeg-ios/simbuild/SourcePackages/checkouts/SwiftTerm
    write-file /Users/runner/work/codeg-ios/codeg-ios/simbuild/Build/Intermediates.noindex/SwiftTerm.build/Release-iphonesimulator/SwiftTerm.build/DerivedSources/resource_bundle_accessor.swift

Copy /Users/runner/work/codeg-ios/codeg-ios/simbuild/Build/Intermediates.noindex/GeneratedModuleMaps-iphonesimulator/SwiftTerm.modulemap /Users/runner/work/codeg-ios/codeg-ios/simbuild/Build/Intermediates.noindex/SwiftTerm.build/Release-iphonesimulator/SwiftTerm.build/SwiftTerm.modulemap (in target 'SwiftTerm' from project 'SwiftTerm')
    cd /Users/runner/work/codeg-ios/codeg-ios/simbuild/SourcePackages/checkouts/SwiftTerm
    builtin-copy -exclude .DS_Store -exclude CVS -exclude .svn -exclude .git -exclude .hg -strip-unsigned-binaries -strip-deterministic -strip-tool /Applications/Xcode_26.6.app/Contents/Developer/Toolchains/XcodeDefault.xctoolchain/usr/bin/strip -resolve-src-symlinks /Users/runner/work/codeg-ios/codeg-ios/simbuild/Build/Intermediates.noindex/SwiftTerm.build/Release-iphonesimulator/SwiftTerm.build/SwiftTerm.modulemap /Users/runner/work/codeg-ios/codeg-ios/simbuild/Build/Intermediates.noindex/GeneratedModuleMaps-iphonesimulator

WriteAuxiliaryFile /Users/runner/work/codeg-ios/codeg-ios/simbuild/Build/Intermediates.noindex/CodegiOS.build/Release-iphonesimulator/CodegiOS.build/Objects-normal/arm64/CodegiOS_const_extract_protocols.json (in target 'CodegiOS' from project 'CodegiOS')
    cd /Users/runner/work/codeg-ios/codeg-ios
    write-file /Users/runner/work/codeg-ios/codeg-ios/simbuild/Build/Intermediates.noindex/CodegiOS.build/Release-iphonesimulator/CodegiOS.build/Objects-normal/arm64/CodegiOS_const_extract_protocols.json

WriteAuxiliaryFile /Users/runner/work/codeg-ios/codeg-ios/simbuild/Build/Intermediates.noindex/CodegiOS.build/Release-iphonesimulator/CodegiOS.build/Objects-normal/arm64/CodegiOS-OutputFileMap.json (in target 'CodegiOS' from project 'CodegiOS')
    cd /Users/runner/work/codeg-ios/codeg-ios
    write-file /Users/runner/work/codeg-ios/codeg-ios/simbuild/Build/Intermediates.noindex/CodegiOS.build/Release-iphonesimulator/CodegiOS.build/Objects-normal/arm64/CodegiOS-OutputFileMap.json

WriteAuxiliaryFile /Users/runner/work/codeg-ios/codeg-ios/simbuild/Build/Intermediates.noindex/CodegiOS.build/Release-iphonesimulator/CodegiOS.build/Objects-normal/arm64/Codeg.SwiftFileList (in target 'CodegiOS' from project 'CodegiOS')
    cd /Users/runner/work/codeg-ios/codeg-ios
    write-file /Users/runner/work/codeg-ios/codeg-ios/simbuild/Build/Intermediates.noindex/CodegiOS.build/Release-iphonesimulator/CodegiOS.build/Objects-normal/arm64/Codeg.SwiftFileList

WriteAuxiliaryFile /Users/runner/work/codeg-ios/codeg-ios/simbuild/Build/Intermediates.noindex/CodegiOS.build/Release-iphonesimulator/CodegiOS.build/Objects-normal/arm64/Codeg.SwiftConstValuesFileList (in target 'CodegiOS' from project 'CodegiOS')
    cd /Users/runner/work/codeg-ios/codeg-ios
    write-file /Users/runner/work/codeg-ios/codeg-ios/simbuild/Build/Intermediates.noindex/CodegiOS.build/Release-iphonesimulator/CodegiOS.build/Objects-normal/arm64/Codeg.SwiftConstValuesFileList

WriteAuxiliaryFile /Users/runner/work/codeg-ios/codeg-ios/simbuild/Build/Intermediates.noindex/CodegiOS.build/Release-iphonesimulator/CodegiOS.build/Objects-normal/arm64/Codeg.LinkFileList (in target 'CodegiOS' from project 'CodegiOS')
    cd /Users/runner/work/codeg-ios/codeg-ios
    write-file /Users/runner/work/codeg-ios/codeg-ios/simbuild/Build/Intermediates.noindex/CodegiOS.build/Release-iphonesimulator/CodegiOS.build/Objects-normal/arm64/Codeg.LinkFileList

WriteAuxiliaryFile /Users/runner/work/codeg-ios/codeg-ios/simbuild/Build/Intermediates.noindex/CodegiOS.build/Release-iphonesimulator/CodegiOS.build/Codeg.hmap (in target 'CodegiOS' from project 'CodegiOS')
    cd /Users/runner/work/codeg-ios/codeg-ios
    write-file /Users/runner/work/codeg-ios/codeg-ios/simbuild/Build/Intermediates.noindex/CodegiOS.build/Release-iphonesimulator/CodegiOS.build/Codeg.hmap

WriteAuxiliaryFile /Users/runner/work/codeg-ios/codeg-ios/simbuild/Build/Intermediates.noindex/CodegiOS.build/Release-iphonesimulator/CodegiOS.build/Codeg.DependencyStaticMetadataFileList (in target 'CodegiOS' from project 'CodegiOS')
    cd /Users/runner/work/codeg-ios/codeg-ios
    write-file /Users/runner/work/codeg-ios/codeg-ios/simbuild/Build/Intermediates.noindex/CodegiOS.build/Release-iphonesimulator/CodegiOS.build/Codeg.DependencyStaticMetadataFileList

WriteAuxiliaryFile /Users/runner/work/codeg-ios/codeg-ios/simbuild/Build/Intermediates.noindex/CodegiOS.build/Release-iphonesimulator/CodegiOS.build/Codeg.DependencyMetadataFileList (in target 'CodegiOS' from project 'CodegiOS')
    cd /Users/runner/work/codeg-ios/codeg-ios
    write-file /Users/runner/work/codeg-ios/codeg-ios/simbuild/Build/Intermediates.noindex/CodegiOS.build/Release-iphonesimulator/CodegiOS.build/Codeg.DependencyMetadataFileList

WriteAuxiliaryFile /Users/runner/work/codeg-ios/codeg-ios/simbuild/Build/Intermediates.noindex/CodegiOS.build/Release-iphonesimulator/CodegiOS.build/Codeg-project-headers.hmap (in target 'CodegiOS' from project 'CodegiOS')
    cd /Users/runner/work/codeg-ios/codeg-ios
    write-file /Users/runner/work/codeg-ios/codeg-ios/simbuild/Build/Intermediates.noindex/CodegiOS.build/Release-iphonesimulator/CodegiOS.build/Codeg-project-headers.hmap

WriteAuxiliaryFile /Users/runner/work/codeg-ios/codeg-ios/simbuild/Build/Intermediates.noindex/CodegiOS.build/Release-iphonesimulator/CodegiOS.build/Codeg-own-target-headers.hmap (in target 'CodegiOS' from project 'CodegiOS')
    cd /Users/runner/work/codeg-ios/codeg-ios
    write-file /Users/runner/work/codeg-ios/codeg-ios/simbuild/Build/Intermediates.noindex/CodegiOS.build/Release-iphonesimulator/CodegiOS.build/Codeg-own-target-headers.hmap

WriteAuxiliaryFile /Users/runner/work/codeg-ios/codeg-ios/simbuild/Build/Intermediates.noindex/CodegiOS.build/Release-iphonesimulator/CodegiOS.build/Codeg-generated-files.hmap (in target 'CodegiOS' from project 'CodegiOS')
    cd /Users/runner/work/codeg-ios/codeg-ios
    write-file /Users/runner/work/codeg-ios/codeg-ios/simbuild/Build/Intermediates.noindex/CodegiOS.build/Release-iphonesimulator/CodegiOS.build/Codeg-generated-files.hmap

WriteAuxiliaryFile /Users/runner/work/codeg-ios/codeg-ios/simbuild/Build/Intermediates.noindex/CodegiOS.build/Release-iphonesimulator/CodegiOS.build/Codeg-all-target-headers.hmap (in target 'CodegiOS' from project 'CodegiOS')
    cd /Users/runner/work/codeg-ios/codeg-ios
    write-file /Users/runner/work/codeg-ios/codeg-ios/simbuild/Build/Intermediates.noindex/CodegiOS.build/Release-iphonesimulator/CodegiOS.build/Codeg-all-target-headers.hmap

WriteAuxiliaryFile /Users/runner/work/codeg-ios/codeg-ios/simbuild/Build/Intermediates.noindex/CodegiOS.build/Release-iphonesimulator/CodegiOS.build/Codeg-all-non-framework-target-headers.hmap (in target 'CodegiOS' from project 'CodegiOS')
    cd /Users/runner/work/codeg-ios/codeg-ios
    write-file /Users/runner/work/codeg-ios/codeg-ios/simbuild/Build/Intermediates.noindex/CodegiOS.build/Release-iphonesimulator/CodegiOS.build/Codeg-all-non-framework-target-headers.hmap

MkDir /Users/runner/work/codeg-ios/codeg-ios/simbuild/Build/Products/Release-iphonesimulator/Codeg.app (in target 'CodegiOS' from project 'CodegiOS')
    cd /Users/runner/work/codeg-ios/codeg-ios
    /bin/mkdir -p /Users/runner/work/codeg-ios/codeg-ios/simbuild/Build/Products/Release-iphonesimulator/Codeg.app

ProcessInfoPlistFile /Users/runner/work/codeg-ios/codeg-ios/simbuild/Build/Products/Release-iphonesimulator/SwiftTerm_SwiftTerm.bundle/Info.plist /Users/runner/work/codeg-ios/codeg-ios/simbuild/Build/Intermediates.noindex/SwiftTerm.build/Release-iphonesimulator/SwiftTerm_SwiftTerm.build/empty-SwiftTerm_SwiftTerm.plist (in target 'SwiftTerm_SwiftTerm' from project 'SwiftTerm')
    cd /Users/runner/work/codeg-ios/codeg-ios/simbuild/SourcePackages/checkouts/SwiftTerm
    builtin-infoPlistUtility /Users/runner/work/codeg-ios/codeg-ios/simbuild/Build/Intermediates.noindex/SwiftTerm.build/Release-iphonesimulator/SwiftTerm_SwiftTerm.build/empty-SwiftTerm_SwiftTerm.plist -producttype com.apple.product-type.bundle -expandbuildsettings -format binary -platform iphonesimulator -o /Users/runner/work/codeg-ios/codeg-ios/simbuild/Build/Products/Release-iphonesimulator/SwiftTerm_SwiftTerm.bundle/Info.plist

CompileMetalFile /Users/runner/work/codeg-ios/codeg-ios/simbuild/SourcePackages/checkouts/SwiftTerm/Sources/SwiftTerm/Apple/Metal/Shaders.metal (in target 'SwiftTerm_SwiftTerm' from project 'SwiftTerm')
    cd /Users/runner/work/codeg-ios/codeg-ios/simbuild/SourcePackages/checkouts/SwiftTerm
    /var/run/com.apple.security.cryptexd/mnt/com.apple.MobileAsset.MetalToolchain-v17.6.109.0.jogoUg/Metal.xctoolchain/usr/bin/metal -c -target air64-apple-ios14.0-simulator -I/Users/runner/work/codeg-ios/codeg-ios/simbuild/Build/Products/Release-iphonesimulator/include -F/Users/runner/work/codeg-ios/codeg-ios/simbuild/Build/Products/Release-iphonesimulator -isysroot /Applications/Xcode_26.6.app/Contents/Developer/Platforms/iPhoneSimulator.platform/Developer/SDKs/iPhoneSimulator26.5.sdk -fmetal-math-mode\=fast -fmetal-math-fp32-functions\=fast -serialize-diagnostics /Users/runner/work/codeg-ios/codeg-ios/simbuild/Build/Intermediates.noindex/SwiftTerm.build/Release-iphonesimulator/SwiftTerm_SwiftTerm.build/Metal/Shaders.dia -o /Users/runner/work/codeg-ios/codeg-ios/simbuild/Build/Intermediates.noindex/SwiftTerm.build/Release-iphonesimulator/SwiftTerm_SwiftTerm.build/Metal/Shaders.air -MMD -MT dependencies -MF /Users/runner/work/codeg-ios/codeg-ios/simbuild/Build/Intermediates.noindex/SwiftTerm.build/Release-iphonesimulator/SwiftTerm_SwiftTerm.build/Metal/Shaders.dat /Users/runner/work/codeg-ios/codeg-ios/simbuild/SourcePackages/checkouts/SwiftTerm/Sources/SwiftTerm/Apple/Metal/Shaders.metal

SwiftDriver SwiftTerm normal arm64 com.apple.xcode.tools.swift.compiler (in target 'SwiftTerm' from project 'SwiftTerm')
    cd /Users/runner/work/codeg-ios/codeg-ios/CodegiOS.xcodeproj
    builtin-SwiftDriver -- /Applications/Xcode_26.6.app/Contents/Developer/Toolchains/XcodeDefault.xctoolchain/usr/bin/swiftc -module-name SwiftTerm -O -whole-module-optimization @/Users/runner/work/codeg-ios/codeg-ios/simbuild/Build/Intermediates.noindex/SwiftTerm.build/Release-iphonesimulator/SwiftTerm.build/Objects-normal/arm64/SwiftTerm.SwiftFileList -DSWIFT_PACKAGE -DSWIFT_MODULE_RESOURCE_BUNDLE_AVAILABLE -DXcode -plugin-path /Applications/Xcode_26.6.app/Contents/Developer/Toolchains/XcodeDefault.xctoolchain/usr/lib/swift/host/plugins/testing -enable-experimental-feature DebugDescriptionMacro -sdk /Applications/Xcode_26.6.app/Contents/Developer/Platforms/iPhoneSimulator.platform/Developer/SDKs/iPhoneSimulator26.5.sdk -target arm64-apple-ios14.0-simulator -g -module-cache-path /Users/runner/work/codeg-ios/codeg-ios/simbuild/ModuleCache.noindex -Xfrontend -serialize-debugging-options -suppress-warnings -swift-version 5 -I /Users/runner/work/codeg-ios/codeg-ios/simbuild/Build/Products/Release-iphonesimulator -Isystem /Applications/Xcode_26.6.app/Contents/Developer/Platforms/iPhoneSimulator.platform/Developer/usr/lib -F /Users/runner/work/codeg-ios/codeg-ios/simbuild/Build/Products/Release-iphonesimulator -F /Applications/Xcode_26.6.app/Contents/Developer/Platforms/iPhoneSimulator.platform/Developer/Library/Frameworks -F /Applications/Xcode_26.6.app/Contents/Developer/Platforms/iPhoneSimulator.platform/Developer/SDKs/iPhoneSimulator26.5.sdk/Developer/Library/Frameworks -c -num-threads 3 -Xcc -ivfsstatcache -Xcc /Users/runner/work/codeg-ios/codeg-ios/simbuild/SDKStatCaches.noindex/iphonesimulator26.5-23F81a-688ef53f1462e2c8f657fdc38a81448ff45c64a1807a658693f2a61704f17a36.sdkstatcache -output-file-map /Users/runner/work/codeg-ios/codeg-ios/simbuild/Build/Intermediates.noindex/SwiftTerm.build/Release-iphonesimulator/SwiftTerm.build/Objects-normal/arm64/SwiftTerm-OutputFileMap.json -use-frontend-parseable-output -save-temps -no-color-diagnostics -explicit-module-build -module-cache-path /Users/runner/work/codeg-ios/codeg-ios/simbuild/Build/Intermediates.noindex/SwiftExplicitPrecompiledModules -clang-scanner-module-cache-path /Users/runner/work/codeg-ios/codeg-ios/simbuild/ModuleCache.noindex -sdk-module-cache-path /Users/runner/work/codeg-ios/codeg-ios/simbuild/ModuleCache.noindex -serialize-diagnostics -emit-dependencies -emit-module -emit-module-path /Users/runner/work/codeg-ios/codeg-ios/simbuild/Build/Intermediates.noindex/SwiftTerm.build/Release-iphonesimulator/SwiftTerm.build/Objects-normal/arm64/SwiftTerm.swiftmodule -validate-clang-modules-once -clang-build-session-file /Users/runner/work/codeg-ios/codeg-ios/simbuild/ModuleCache.noindex/Session.modulevalidation -package-name swiftterm -Xcc -I/Users/runner/work/codeg-ios/codeg-ios/simbuild/Build/Intermediates.noindex/SwiftTerm.build/Release-iphonesimulator/SwiftTerm.build/swift-overrides.hmap -emit-const-values -Xfrontend -const-gather-protocols-file -Xfrontend /Users/runner/work/codeg-ios/codeg-ios/simbuild/Build/Intermediates.noindex/SwiftTerm.build/Release-iphonesimulator/SwiftTerm.build/Objects-normal/arm64/SwiftTerm_const_extract_protocols.json -Xcc -I/Users/runner/work/codeg-ios/codeg-ios/simbuild/Build/Products/Release-iphonesimulator/include -Xcc -I/Users/runner/work/codeg-ios/codeg-ios/simbuild/Build/Intermediates.noindex/SwiftTerm.build/Release-iphonesimulator/SwiftTerm.build/DerivedSources-normal/arm64 -Xcc -I/Users/runner/work/codeg-ios/codeg-ios/simbuild/Build/Intermediates.noindex/SwiftTerm.build/Release-iphonesimulator/SwiftTerm.build/DerivedSources/arm64 -Xcc -I/Users/runner/work/codeg-ios/codeg-ios/simbuild/Build/Intermediates.noindex/SwiftTerm.build/Release-iphonesimulator/SwiftTerm.build/DerivedSources -Xcc -DSWIFT_PACKAGE -emit-objc-header -emit-objc-header-path /Users/runner/work/codeg-ios/codeg-ios/simbuild/Build/Intermediates.noindex/SwiftTerm.build/Release-iphonesimulator/SwiftTerm.build/Objects-normal/arm64/SwiftTerm-Swift.h -working-directory /Users/runner/work/codeg-ios/codeg-ios/CodegiOS.xcodeproj -no-emit-module-separately-wmo

MetalLink /Users/runner/work/codeg-ios/codeg-ios/simbuild/Build/Products/Release-iphonesimulator/SwiftTerm_SwiftTerm.bundle/default.metallib (in target 'SwiftTerm_SwiftTerm' from project 'SwiftTerm')
    cd /Users/runner/work/codeg-ios/codeg-ios/simbuild/SourcePackages/checkouts/SwiftTerm
    /var/run/com.apple.security.cryptexd/mnt/com.apple.MobileAsset.MetalToolchain-v17.6.109.0.jogoUg/Metal.xctoolchain/usr/bin/metal -target air64-apple-ios14.0-simulator -o /Users/runner/work/codeg-ios/codeg-ios/simbuild/Build/Products/Release-iphonesimulator/SwiftTerm_SwiftTerm.bundle/default.metallib /Users/runner/work/codeg-ios/codeg-ios/simbuild/Build/Intermediates.noindex/SwiftTerm.build/Release-iphonesimulator/SwiftTerm_SwiftTerm.build/Metal/Shaders.air

RegisterExecutionPolicyException /Users/runner/work/codeg-ios/codeg-ios/simbuild/Build/Products/Release-iphonesimulator/SwiftTerm_SwiftTerm.bundle (in target 'SwiftTerm_SwiftTerm' from project 'SwiftTerm')
    cd /Users/runner/work/codeg-ios/codeg-ios/simbuild/SourcePackages/checkouts/SwiftTerm
    builtin-RegisterExecutionPolicyException /Users/runner/work/codeg-ios/codeg-ios/simbuild/Build/Products/Release-iphonesimulator/SwiftTerm_SwiftTerm.bundle

Touch /Users/runner/work/codeg-ios/codeg-ios/simbuild/Build/Products/Release-iphonesimulator/SwiftTerm_SwiftTerm.bundle (in target 'SwiftTerm_SwiftTerm' from project 'SwiftTerm')
    cd /Users/runner/work/codeg-ios/codeg-ios/simbuild/SourcePackages/checkouts/SwiftTerm
    /usr/bin/touch -c /Users/runner/work/codeg-ios/codeg-ios/simbuild/Build/Products/Release-iphonesimulator/SwiftTerm_SwiftTerm.bundle

SwiftDriver\ Compilation SwiftTerm normal arm64 com.apple.xcode.tools.swift.compiler (in target 'SwiftTerm' from project 'SwiftTerm')
    cd /Users/runner/work/codeg-ios/codeg-ios/CodegiOS.xcodeproj
    builtin-Swift-Compilation -- /Applications/Xcode_26.6.app/Contents/Developer/Toolchains/XcodeDefault.xctoolchain/usr/bin/swiftc -module-name SwiftTerm -O -whole-module-optimization @/Users/runner/work/codeg-ios/codeg-ios/simbuild/Build/Intermediates.noindex/SwiftTerm.build/Release-iphonesimulator/SwiftTerm.build/Objects-normal/arm64/SwiftTerm.SwiftFileList -DSWIFT_PACKAGE -DSWIFT_MODULE_RESOURCE_BUNDLE_AVAILABLE -DXcode -plugin-path /Applications/Xcode_26.6.app/Contents/Developer/Toolchains/XcodeDefault.xctoolchain/usr/lib/swift/host/plugins/testing -enable-experimental-feature DebugDescriptionMacro -sdk /Applications/Xcode_26.6.app/Contents/Developer/Platforms/iPhoneSimulator.platform/Developer/SDKs/iPhoneSimulator26.5.sdk -target arm64-apple-ios14.0-simulator -g -module-cache-path /Users/runner/work/codeg-ios/codeg-ios/simbuild/ModuleCache.noindex -Xfrontend -serialize-debugging-options -suppress-warnings -swift-version 5 -I /Users/runner/work/codeg-ios/codeg-ios/simbuild/Build/Products/Release-iphonesimulator -Isystem /Applications/Xcode_26.6.app/Contents/Developer/Platforms/iPhoneSimulator.platform/Developer/usr/lib -F /Users/runner/work/codeg-ios/codeg-ios/simbuild/Build/Products/Release-iphonesimulator -F /Applications/Xcode_26.6.app/Contents/Developer/Platforms/iPhoneSimulator.platform/Developer/Library/Frameworks -F /Applications/Xcode_26.6.app/Contents/Developer/Platforms/iPhoneSimulator.platform/Developer/SDKs/iPhoneSimulator26.5.sdk/Developer/Library/Frameworks -c -num-threads 3 -Xcc -ivfsstatcache -Xcc /Users/runner/work/codeg-ios/codeg-ios/simbuild/SDKStatCaches.noindex/iphonesimulator26.5-23F81a-688ef53f1462e2c8f657fdc38a81448ff45c64a1807a658693f2a61704f17a36.sdkstatcache -output-file-map /Users/runner/work/codeg-ios/codeg-ios/simbuild/Build/Intermediates.noindex/SwiftTerm.build/Release-iphonesimulator/SwiftTerm.build/Objects-normal/arm64/SwiftTerm-OutputFileMap.json -use-frontend-parseable-output -save-temps -no-color-diagnostics -explicit-module-build -module-cache-path /Users/runner/work/codeg-ios/codeg-ios/simbuild/Build/Intermediates.noindex/SwiftExplicitPrecompiledModules -clang-scanner-module-cache-path /Users/runner/work/codeg-ios/codeg-ios/simbuild/ModuleCache.noindex -sdk-module-cache-path /Users/runner/work/codeg-ios/codeg-ios/simbuild/ModuleCache.noindex -serialize-diagnostics -emit-dependencies -emit-module -emit-module-path /Users/runner/work/codeg-ios/codeg-ios/simbuild/Build/Intermediates.noindex/SwiftTerm.build/Release-iphonesimulator/SwiftTerm.build/Objects-normal/arm64/SwiftTerm.swiftmodule -validate-clang-modules-once -clang-build-session-file /Users/runner/work/codeg-ios/codeg-ios/simbuild/ModuleCache.noindex/Session.modulevalidation -package-name swiftterm -Xcc -I/Users/runner/work/codeg-ios/codeg-ios/simbuild/Build/Intermediates.noindex/SwiftTerm.build/Release-iphonesimulator/SwiftTerm.build/swift-overrides.hmap -emit-const-values -Xfrontend -const-gather-protocols-file -Xfrontend /Users/runner/work/codeg-ios/codeg-ios/simbuild/Build/Intermediates.noindex/SwiftTerm.build/Release-iphonesimulator/SwiftTerm.build/Objects-normal/arm64/SwiftTerm_const_extract_protocols.json -Xcc -I/Users/runner/work/codeg-ios/codeg-ios/simbuild/Build/Products/Release-iphonesimulator/include -Xcc -I/Users/runner/work/codeg-ios/codeg-ios/simbuild/Build/Intermediates.noindex/SwiftTerm.build/Release-iphonesimulator/SwiftTerm.build/DerivedSources-normal/arm64 -Xcc -I/Users/runner/work/codeg-ios/codeg-ios/simbuild/Build/Intermediates.noindex/SwiftTerm.build/Release-iphonesimulator/SwiftTerm.build/DerivedSources/arm64 -Xcc -I/Users/runner/work/codeg-ios/codeg-ios/simbuild/Build/Intermediates.noindex/SwiftTerm.build/Release-iphonesimulator/SwiftTerm.build/DerivedSources -Xcc -DSWIFT_PACKAGE -emit-objc-header -emit-objc-header-path /Users/runner/work/codeg-ios/codeg-ios/simbuild/Build/Intermediates.noindex/SwiftTerm.build/Release-iphonesimulator/SwiftTerm.build/Objects-normal/arm64/SwiftTerm-Swift.h -working-directory /Users/runner/work/codeg-ios/codeg-ios/CodegiOS.xcodeproj -no-emit-module-separately-wmo

SwiftExplicitDependencyGeneratePcm arm64 /Users/runner/work/codeg-ios/codeg-ios/simbuild/ModuleCache.noindex/DeveloperToolsSupport-1LG1DHD56TC3ZPUOSAA1MTTV2.pcm

SwiftExplicitDependencyGeneratePcm arm64 /Users/runner/work/codeg-ios/codeg-ios/simbuild/ModuleCache.noindex/ptrcheck-92HQKMGK8X2I1UY2A89L887NN.pcm

SwiftExplicitDependencyGeneratePcm arm64 /Users/runner/work/codeg-ios/codeg-ios/simbuild/ModuleCache.noindex/ptrauth-EFIY5JYOEBA60DAWW8J91ANAG.pcm

SwiftExplicitDependencyGeneratePcm arm64 /Users/runner/work/codeg-ios/codeg-ios/simbuild/ModuleCache.noindex/_Builtin_stdarg-8K5SFWJET2T5CNMF4DQX9QVC2.pcm

SwiftExplicitDependencyGeneratePcm arm64 /Users/runner/work/codeg-ios/codeg-ios/simbuild/ModuleCache.noindex/_Builtin_stddef-DPYGB7PP8KVJU3189HUJQ0DVM.pcm

SwiftExplicitDependencyGeneratePcm arm64 /Users/runner/work/codeg-ios/codeg-ios/simbuild/ModuleCache.noindex/_SwiftConcurrencyShims-AWSOWMYUBGTQCKEFWI17PJDMX.pcm

SwiftExplicitDependencyGeneratePcm arm64 /Users/runner/work/codeg-ios/codeg-ios/simbuild/ModuleCache.noindex/SwiftShims-7TC22RHG9JJ7X2INKG06APNBP.pcm

SwiftExplicitDependencyGeneratePcm arm64 /Users/runner/work/codeg-ios/codeg-ios/simbuild/ModuleCache.noindex/_Builtin_stdbool-DHEI5Z85ZYY4FMS6LU9N6ME2S.pcm

SwiftExplicitDependencyGeneratePcm arm64 /Users/runner/work/codeg-ios/codeg-ios/simbuild/ModuleCache.noindex/_AvailabilityInternal-2CODP5ZCSYL8P13XSQ7FUB6DB.pcm

SwiftExplicitDependencyGeneratePcm arm64 /Users/runner/work/codeg-ios/codeg-ios/simbuild/ModuleCache.noindex/_Builtin_float-8E7DUEMH0NTLJWH6KSNPBTOVQ.pcm

SwiftExplicitDependencyGeneratePcm arm64 /Users/runner/work/codeg-ios/codeg-ios/simbuild/ModuleCache.noindex/_DarwinFoundation1-4OMMKF6WZ2FCBW88C20RBGUF6.pcm

SwiftExplicitDependencyGeneratePcm arm64 /Users/runner/work/codeg-ios/codeg-ios/simbuild/ModuleCache.noindex/_DarwinFoundation2-4PWOR81KU6Q5RS3FXJ67L0W74.pcm

SwiftExplicitDependencyGeneratePcm arm64 /Users/runner/work/codeg-ios/codeg-ios/simbuild/ModuleCache.noindex/_Builtin_limits-57QNUAHDF9FZO1GL37TSUVT9R.pcm

SwiftExplicitDependencyGeneratePcm arm64 /Users/runner/work/codeg-ios/codeg-ios/simbuild/ModuleCache.noindex/sys_types-E5SF0UR6H6WBPFWIX3LNP5C3R.pcm

SwiftExplicitDependencyGeneratePcm arm64 /Users/runner/work/codeg-ios/codeg-ios/simbuild/ModuleCache.noindex/_Builtin_stdint-4PFJU7IYYJ9T8CJGYQVNMD3S.pcm

SwiftExplicitDependencyGeneratePcm arm64 /Users/runner/work/codeg-ios/codeg-ios/simbuild/ModuleCache.noindex/_Builtin_tgmath-E7QA0YP6JG2EWX0T8K4N89ZS7.pcm

SwiftExplicitDependencyGeneratePcm arm64 /Users/runner/work/codeg-ios/codeg-ios/simbuild/ModuleCache.noindex/_Builtin_stdatomic-29CTE4A1JWSQBMZR6VLY76W0X.pcm

SwiftExplicitDependencyGeneratePcm arm64 /Users/runner/work/codeg-ios/codeg-ios/simbuild/ModuleCache.noindex/_Builtin_intrinsics-ELJIWXEE3WZ3HZKY0IEBZ5RT5.pcm

SwiftExplicitDependencyGeneratePcm arm64 /Users/runner/work/codeg-ios/codeg-ios/simbuild/ModuleCache.noindex/_DarwinFoundation3-8SJZ0RUIUNNQMH25ZJ4XKKJUI.pcm

SwiftExplicitDependencyGeneratePcm arm64 /Users/runner/work/codeg-ios/codeg-ios/simbuild/ModuleCache.noindex/_Builtin_inttypes-7CJ1RGM9QN0O0N2KSM8MMT3AH.pcm

SwiftExplicitDependencyGeneratePcm arm64 /Users/runner/work/codeg-ios/codeg-ios/simbuild/ModuleCache.noindex/Darwin-S337QFMI89U2TS6AKE6GLRGY.pcm

SwiftExplicitDependencyGeneratePcm arm64 /Users/runner/work/codeg-ios/codeg-ios/simbuild/ModuleCache.noindex/simd-AO0YSZEZO4GZ06WTEVLLJ8NX1.pcm

SwiftExplicitDependencyGeneratePcm arm64 /Users/runner/work/codeg-ios/codeg-ios/simbuild/ModuleCache.noindex/Compression-CUURA29OL530CU4ML68LD20QZ.pcm

SwiftExplicitDependencyGeneratePcm arm64 /Users/runner/work/codeg-ios/codeg-ios/simbuild/ModuleCache.noindex/MachO-42T15P5ZN2C5VPQY1PKV0LNSO.pcm

SwiftExplicitDependencyGeneratePcm arm64 /Users/runner/work/codeg-ios/codeg-ios/simbuild/ModuleCache.noindex/ObjectiveC-2SDL0VSOZSYA511N7L9ABG31M.pcm

SwiftExplicitDependencyGeneratePcm arm64 /Users/runner/work/codeg-ios/codeg-ios/simbuild/ModuleCache.noindex/os_object-5TI7JYAZIOGAY0KG1MWAZKF4R.pcm

SwiftExplicitDependencyGeneratePcm arm64 /Users/runner/work/codeg-ios/codeg-ios/simbuild/ModuleCache.noindex/os_workgroup-ES1ENQTO1QDI0XMOPHTMAHS3P.pcm

SwiftExplicitDependencyGeneratePcm arm64 /Users/runner/work/codeg-ios/codeg-ios/simbuild/ModuleCache.noindex/Spatial-5XDUG2QDWCHEDB6B95S2CHB4X.pcm

SwiftExplicitDependencyGeneratePcm arm64 /Users/runner/work/codeg-ios/codeg-ios/simbuild/ModuleCache.noindex/Dispatch-9F7K7YSP58O29LFWDSZ3GY7JD.pcm

SwiftExplicitDependencyGeneratePcm arm64 /Users/runner/work/codeg-ios/codeg-ios/simbuild/ModuleCache.noindex/CoreFoundation-7N0V3DBG0KKK374XKNIKGZ37Q.pcm

SwiftExplicitDependencyGeneratePcm arm64 /Users/runner/work/codeg-ios/codeg-ios/simbuild/ModuleCache.noindex/XPC-EX3BG6CXHRFJRZMJCPEYROQ1H.pcm

SwiftExplicitDependencyGeneratePcm arm64 /Users/runner/work/codeg-ios/codeg-ios/simbuild/ModuleCache.noindex/os-CV22V325J06VEHN14FUY13D8Z.pcm

SwiftExplicitDependencyGeneratePcm arm64 /Users/runner/work/codeg-ios/codeg-ios/simbuild/ModuleCache.noindex/CFNetwork-1K5DWF0UMQ0M316X8DV3XP5IC.pcm

SwiftExplicitDependencyGeneratePcm arm64 /Users/runner/work/codeg-ios/codeg-ios/simbuild/ModuleCache.noindex/CoreGraphics-5S4ED4P0SYTJ07H3V2IHRLFD4.pcm

SwiftExplicitDependencyGeneratePcm arm64 /Users/runner/work/codeg-ios/codeg-ios/simbuild/ModuleCache.noindex/Security-E86MZDI3E5PKLILIGRFB51VUB.pcm

SwiftExplicitDependencyGeneratePcm arm64 /Users/runner/work/codeg-ios/codeg-ios/simbuild/ModuleCache.noindex/CoreText-D72MAYM4H07G0J94EGN1C1Z27.pcm

SwiftExplicitDependencyGeneratePcm arm64 /Users/runner/work/codeg-ios/codeg-ios/simbuild/ModuleCache.noindex/ImageIO-7UG02HAL44ASPZPDL8UKGVBQW.pcm

SwiftExplicitDependencyGeneratePcm arm64 /Users/runner/work/codeg-ios/codeg-ios/simbuild/ModuleCache.noindex/Foundation-CO8GXRYJFFGREFM0ZTQKPV5X9.pcm

SwiftExplicitDependencyGeneratePcm arm64 /Users/runner/work/codeg-ios/codeg-ios/simbuild/ModuleCache.noindex/DataDetection-C5S2PAJ8DB8RF3K3S86R3LM4G.pcm

SwiftExplicitDependencyGeneratePcm arm64 /Users/runner/work/codeg-ios/codeg-ios/simbuild/ModuleCache.noindex/UserNotifications-EG0AQG37MB16TPRJYYEE76XUK.pcm

SwiftExplicitDependencyGeneratePcm arm64 /Users/runner/work/codeg-ios/codeg-ios/simbuild/ModuleCache.noindex/UIUtilities-83ZLLY3AHMTH2HQQQFJRCQD6K.pcm

SwiftExplicitDependencyGeneratePcm arm64 /Users/runner/work/codeg-ios/codeg-ios/simbuild/ModuleCache.noindex/Accessibility-1EDFJJE4X8X87QFO934BIA30D.pcm

SwiftExplicitDependencyGeneratePcm arm64 /Users/runner/work/codeg-ios/codeg-ios/simbuild/ModuleCache.noindex/OpenGLES-6VWSGCQWUEK27JHFSGTSQTG02.pcm

SwiftExplicitDependencyGeneratePcm arm64 /Users/runner/work/codeg-ios/codeg-ios/simbuild/ModuleCache.noindex/ModelIO-8Q07WQETPM6Y4TLFZEV8G4RBP.pcm

SwiftExplicitDependencyGeneratePcm arm64 /Users/runner/work/codeg-ios/codeg-ios/simbuild/ModuleCache.noindex/IOSurface-6AXKUFC2YCUUS1XMZ8QYSTJBS.pcm

SwiftExplicitDependencyGeneratePcm arm64 /Users/runner/work/codeg-ios/codeg-ios/simbuild/ModuleCache.noindex/FileProvider-6T0QUVUG7V1BD4QZZPA1HP6T5.pcm

SwiftExplicitDependencyGeneratePcm arm64 /Users/runner/work/codeg-ios/codeg-ios/simbuild/ModuleCache.noindex/UniformTypeIdentifiers-8NCCKOJXRM6YZOLNV89O5LNWJ.pcm

SwiftExplicitDependencyGeneratePcm arm64 /Users/runner/work/codeg-ios/codeg-ios/simbuild/ModuleCache.noindex/OSLog-BMOISE71IMY9XCERD0EDVQSX7.pcm

SwiftExplicitDependencyGeneratePcm arm64 /Users/runner/work/codeg-ios/codeg-ios/simbuild/ModuleCache.noindex/CoreData-8E2VOJZTNQBXQESCIYTCK72ZL.pcm

SwiftExplicitDependencyGeneratePcm arm64 /Users/runner/work/codeg-ios/codeg-ios/simbuild/ModuleCache.noindex/CoreTransferable-7HZXHAMAH375PHG8P03AZBZ8Z.pcm

SwiftExplicitDependencyGeneratePcm arm64 /Users/runner/work/codeg-ios/codeg-ios/simbuild/ModuleCache.noindex/Symbols-AYLY9TM57THD570TTAZIZ1X6P.pcm

SwiftExplicitDependencyGeneratePcm arm64 /Users/runner/work/codeg-ios/codeg-ios/simbuild/ModuleCache.noindex/Metal-855Y3CGEURPFYNUE11B37FBEW.pcm

SwiftExplicitDependencyGeneratePcm arm64 /Users/runner/work/codeg-ios/codeg-ios/simbuild/ModuleCache.noindex/CoreVideo-CQV8X54YZXE1S0B2IRLMRG27A.pcm

SwiftExplicitDependencyGeneratePcm arm64 /Users/runner/work/codeg-ios/codeg-ios/simbuild/ModuleCache.noindex/QuartzCore-83T11KTQ798FMNJC5WM7MSI0R.pcm

SwiftExplicitDependencyGeneratePcm arm64 /Users/runner/work/codeg-ios/codeg-ios/simbuild/ModuleCache.noindex/CoreImage-EJQYZ2HIBSX4SJLKP98JVVVML.pcm

SwiftExplicitDependencyGeneratePcm arm64 /Users/runner/work/codeg-ios/codeg-ios/simbuild/ModuleCache.noindex/SwiftUICore-BYDWODI4CTYB561N6D2A7AQPN.pcm

SwiftExplicitDependencyGeneratePcm arm64 /Users/runner/work/codeg-ios/codeg-ios/simbuild/ModuleCache.noindex/UIKit-9TOIY5ZXTO00O03UD48QYQNO9.pcm

SwiftExplicitDependencyGeneratePcm arm64 /Users/runner/work/codeg-ios/codeg-ios/simbuild/ModuleCache.noindex/SwiftUI-71DYS0UO5YNG3LNNBIH1GF2N0.pcm

SwiftExplicitDependencyGeneratePcm arm64 /Users/runner/work/codeg-ios/codeg-ios/simbuild/ModuleCache.noindex/MetalKit-DTW27B1YH3OV768P4657TK2MJ.pcm

SwiftCompile normal arm64 Compiling\ resource_bundle_accessor.swift,\ AppleTerminalView.swift,\ BlockElementRenderer.swift,\ BoxDrawingRenderer.swift,\ CaretView.swift,\ Extensions.swift,\ CoreTextGlyphRasterizer.swift,\ GlyphAtlas.swift,\ MetalBufferingMode.swift,\ MetalError.swift,\ MetalTerminalRenderer.swift,\ TerminalProgressBarView.swift,\ TerminalViewDelegate.swift,\ Buffer.swift,\ BufferLine.swift,\ BufferSet.swift,\ CharData.swift,\ CharSets.swift,\ CircularList.swift,\ Colors.swift,\ EscapeSequenceParser.swift,\ EscapeSequences.swift,\ ExtensionsTerminal.swift,\ File.swift,\ HeadlessTerminal.swift,\ KittyGraphics.swift,\ KittyKeyboardEncoder.swift,\ KittyKeyboardProtocol.swift,\ KittyPlaceholder.swift,\ Line.swift,\ LocalProcess.swift,\ MacAccessibilityService.swift,\ MacCaretView.swift,\ MacDebugView.swift,\ MacExtensions.swift,\ MacFindBarView.swift,\ MacLocalTerminalView.swift,\ MacTerminalView.swift,\ Position.swift,\ Pty.swift,\ SearchEngine.swift,\ SearchLineCache.swift,\ SearchOptions.swift,\ SearchService.swift,\ SearchState.swift,\ SelectionService.swift,\ SixelDcsHandler.swift,\ Terminal.swift,\ TerminalOptions.swift,\ TerminalViewSearch.swift,\ UnicodeWidthData.swift,\ Utilities.swift,\ SwiftUITerminalView.swift,\ iOSAccessoryView.swift,\ iOSCaretView.swift,\ iOSDoubleButton.swift,\ iOSExtensions.swift,\ iOSKeyboardView.swift,\ iOSTerminalView.swift,\ iOSTextInput.swift,\ iOSTextStorage.swift /Users/runner/work/codeg-ios/codeg-ios/simbuild/Build/Intermediates.noindex/SwiftTerm.build/Release-iphonesimulator/SwiftTerm.build/DerivedSources/resource_bundle_accessor.swift /Users/runner/work/codeg-ios/codeg-ios/simbuild/SourcePackages/checkouts/SwiftTerm/Sources/SwiftTerm/Apple/AppleTerminalView.swift /Users/runner/work/codeg-ios/codeg-ios/simbuild/SourcePackages/checkouts/SwiftTerm/Sources/SwiftTerm/Apple/BlockElementRenderer.swift /Users/runner/work/codeg-ios/codeg-ios/simbuild/SourcePackages/checkouts/SwiftTerm/Sources/SwiftTerm/Apple/BoxDrawingRenderer.swift /Users/runner/work/codeg-ios/codeg-ios/simbuild/SourcePackages/checkouts/SwiftTerm/Sources/SwiftTerm/Apple/CaretView.swift /Users/runner/work/codeg-ios/codeg-ios/simbuild/SourcePackages/checkouts/SwiftTerm/Sources/SwiftTerm/Apple/Extensions.swift /Users/runner/work/codeg-ios/codeg-ios/simbuild/SourcePackages/checkouts/SwiftTerm/Sources/SwiftTerm/Apple/Metal/CoreTextGlyphRasterizer.swift /Users/runner/work/codeg-ios/codeg-ios/simbuild/SourcePackages/checkouts/SwiftTerm/Sources/SwiftTerm/Apple/Metal/GlyphAtlas.swift /Users/runner/work/codeg-ios/codeg-ios/simbuild/SourcePackages/checkouts/SwiftTerm/Sources/SwiftTerm/Apple/Metal/MetalBufferingMode.swift /Users/runner/work/codeg-ios/codeg-ios/simbuild/SourcePackages/checkouts/SwiftTerm/Sources/SwiftTerm/Apple/Metal/MetalError.swift /Users/runner/work/codeg-ios/codeg-ios/simbuild/SourcePackages/checkouts/SwiftTerm/Sources/SwiftTerm/Apple/Metal/MetalTerminalRenderer.swift /Users/runner/work/codeg-ios/codeg-ios/simbuild/SourcePackages/checkouts/SwiftTerm/Sources/SwiftTerm/Apple/TerminalProgressBarView.swift /Users/runner/work/codeg-ios/codeg-ios/simbuild/SourcePackages/checkouts/SwiftTerm/Sources/SwiftTerm/Apple/TerminalViewDelegate.swift /Users/runner/work/codeg-ios/codeg-ios/simbuild/SourcePackages/checkouts/SwiftTerm/Sources/SwiftTerm/Buffer.swift /Users/runner/work/codeg-ios/codeg-ios/simbuild/SourcePackages/checkouts/SwiftTerm/Sources/SwiftTerm/BufferLine.swift /Users/runner/work/codeg-ios/codeg-ios/simbuild/SourcePackages/checkouts/SwiftTerm/Sources/SwiftTerm/BufferSet.swift /Users/runner/work/codeg-ios/codeg-ios/simbuild/SourcePackages/checkouts/SwiftTerm/Sources/SwiftTerm/CharData.swift /Users/runner/work/codeg-ios/codeg-ios/simbuild/SourcePackages/checkouts/SwiftTerm/Sources/SwiftTerm/CharSets.swift /Users/runner/work/codeg-ios/codeg-ios/simbuild/SourcePackages/checkouts/SwiftTerm/Sources/SwiftTerm/CircularList.swift /Users/runner/work/codeg-ios/codeg-ios/simbuild/SourcePackages/checkouts/SwiftTerm/Sources/SwiftTerm/Colors.swift /Users/runner/work/codeg-ios/codeg-ios/simbuild/SourcePackages/checkouts/SwiftTerm/Sources/SwiftTerm/EscapeSequenceParser.swift /Users/runner/work/codeg-ios/codeg-ios/simbuild/SourcePackages/checkouts/SwiftTerm/Sources/SwiftTerm/EscapeSequences.swift /Users/runner/work/codeg-ios/codeg-ios/simbuild/SourcePackages/checkouts/SwiftTerm/Sources/SwiftTerm/ExtensionsTerminal.swift /Users/runner/work/codeg-ios/codeg-ios/simbuild/SourcePackages/checkouts/SwiftTerm/Sources/SwiftTerm/File.swift /Users/runner/work/codeg-ios/codeg-ios/simbuild/SourcePackages/checkouts/SwiftTerm/Sources/SwiftTerm/HeadlessTerminal.swift /Users/runner/work/codeg-ios/codeg-ios/simbuild/SourcePackages/checkouts/SwiftTerm/Sources/SwiftTerm/KittyGraphics.swift /Users/runner/work/codeg-ios/codeg-ios/simbuild/SourcePackages/checkouts/SwiftTerm/Sources/SwiftTerm/KittyKeyboardEncoder.swift /Users/runner/work/codeg-ios/codeg-ios/simbuild/SourcePackages/checkouts/SwiftTerm/Sources/SwiftTerm/KittyKeyboardProtocol.swift /Users/runner/work/codeg-ios/codeg-ios/simbuild/SourcePackages/checkouts/SwiftTerm/Sources/SwiftTerm/KittyPlaceholder.swift /Users/runner/work/codeg-ios/codeg-ios/simbuild/SourcePackages/checkouts/SwiftTerm/Sources/SwiftTerm/Line.swift /Users/runner/work/codeg-ios/codeg-ios/simbuild/SourcePackages/checkouts/SwiftTerm/Sources/SwiftTerm/LocalProcess.swift /Users/runner/work/codeg-ios/codeg-ios/simbuild/SourcePackages/checkouts/SwiftTerm/Sources/SwiftTerm/Mac/MacAccessibilityService.swift /Users/runner/work/codeg-ios/codeg-ios/simbuild/SourcePackages/checkouts/SwiftTerm/Sources/SwiftTerm/Mac/MacCaretView.swift /Users/runner/work/codeg-ios/codeg-ios/simbuild/SourcePackages/checkouts/SwiftTerm/Sources/SwiftTerm/Mac/MacDebugView.swift /Users/runner/work/codeg-ios/codeg-ios/simbuild/SourcePackages/checkouts/SwiftTerm/Sources/SwiftTerm/Mac/MacExtensions.swift /Users/runner/work/codeg-ios/codeg-ios/simbuild/SourcePackages/checkouts/SwiftTerm/Sources/SwiftTerm/Mac/MacFindBarView.swift /Users/runner/work/codeg-ios/codeg-ios/simbuild/SourcePackages/checkouts/SwiftTerm/Sources/SwiftTerm/Mac/MacLocalTerminalView.swift /Users/runner/work/codeg-ios/codeg-ios/simbuild/SourcePackages/checkouts/SwiftTerm/Sources/SwiftTerm/Mac/MacTerminalView.swift /Users/runner/work/codeg-ios/codeg-ios/simbuild/SourcePackages/checkouts/SwiftTerm/Sources/SwiftTerm/Position.swift /Users/runner/work/codeg-ios/codeg-ios/simbuild/SourcePackages/checkouts/SwiftTerm/Sources/SwiftTerm/Pty.swift /Users/runner/work/codeg-ios/codeg-ios/simbuild/SourcePackages/checkouts/SwiftTerm/Sources/SwiftTerm/SearchEngine.swift /Users/runner/work/codeg-ios/codeg-ios/simbuild/SourcePackages/checkouts/SwiftTerm/Sources/SwiftTerm/SearchLineCache.swift /Users/runner/work/codeg-ios/codeg-ios/simbuild/SourcePackages/checkouts/SwiftTerm/Sources/SwiftTerm/SearchOptions.swift /Users/runner/work/codeg-ios/codeg-ios/simbuild/SourcePackages/checkouts/SwiftTerm/Sources/SwiftTerm/SearchService.swift /Users/runner/work/codeg-ios/codeg-ios/simbuild/SourcePackages/checkouts/SwiftTerm/Sources/SwiftTerm/SearchState.swift /Users/runner/work/codeg-ios/codeg-ios/simbuild/SourcePackages/checkouts/SwiftTerm/Sources/SwiftTerm/SelectionService.swift /Users/runner/work/codeg-ios/codeg-ios/simbuild/SourcePackages/checkouts/SwiftTerm/Sources/SwiftTerm/SixelDcsHandler.swift /Users/runner/work/codeg-ios/codeg-ios/simbuild/SourcePackages/checkouts/SwiftTerm/Sources/SwiftTerm/Terminal.swift /Users/runner/work/codeg-ios/codeg-ios/simbuild/SourcePackages/checkouts/SwiftTerm/Sources/SwiftTerm/TerminalOptions.swift /Users/runner/work/codeg-ios/codeg-ios/simbuild/SourcePackages/checkouts/SwiftTerm/Sources/SwiftTerm/TerminalViewSearch.swift /Users/runner/work/codeg-ios/codeg-ios/simbuild/SourcePackages/checkouts/SwiftTerm/Sources/SwiftTerm/UnicodeWidthData.swift /Users/runner/work/codeg-ios/codeg-ios/simbuild/SourcePackages/checkouts/SwiftTerm/Sources/SwiftTerm/Utilities.swift /Users/runner/work/codeg-ios/codeg-ios/simbuild/SourcePackages/checkouts/SwiftTerm/Sources/SwiftTerm/iOS/SwiftUITerminalView.swift /Users/runner/work/codeg-ios/codeg-ios/simbuild/SourcePackages/checkouts/SwiftTerm/Sources/SwiftTerm/iOS/iOSAccessoryView.swift /Users/runner/work/codeg-ios/codeg-ios/simbuild/SourcePackages/checkouts/SwiftTerm/Sources/SwiftTerm/iOS/iOSCaretView.swift /Users/runner/work/codeg-ios/codeg-ios/simbuild/SourcePackages/checkouts/SwiftTerm/Sources/SwiftTerm/iOS/iOSDoubleButton.swift /Users/runner/work/codeg-ios/codeg-ios/simbuild/SourcePackages/checkouts/SwiftTerm/Sources/SwiftTerm/iOS/iOSExtensions.swift /Users/runner/work/codeg-ios/codeg-ios/simbuild/SourcePackages/checkouts/SwiftTerm/Sources/SwiftTerm/iOS/iOSKeyboardView.swift /Users/runner/work/codeg-ios/codeg-ios/simbuild/SourcePackages/checkouts/SwiftTerm/Sources/SwiftTerm/iOS/iOSTerminalView.swift /Users/runner/work/codeg-ios/codeg-ios/simbuild/SourcePackages/checkouts/SwiftTerm/Sources/SwiftTerm/iOS/iOSTextInput.swift /Users/runner/work/codeg-ios/codeg-ios/simbuild/SourcePackages/checkouts/SwiftTerm/Sources/SwiftTerm/iOS/iOSTextStorage.swift /Applications/Xcode_26.6.app/Contents/Developer/Toolchains/XcodeDefault.xctoolchain/usr/lib/swift/iphonesimulator/prebuilt-modules/26.5/CoreVideo.swiftmodule/arm64-apple-ios-simulator.swiftmodule /Applications/Xcode_26.6.app/Contents/Developer/Toolchains/XcodeDefault.xctoolchain/usr/lib/swift/iphonesimulator/prebuilt-modules/26.5/DeveloperToolsSupport.swiftmodule/arm64-apple-ios-simulator.swiftmodule /Applications/Xcode_26.6.app/Contents/Developer/Toolchains/XcodeDefault.xctoolchain/usr/lib/swift/iphonesimulator/prebuilt-modules/26.5/_DarwinFoundation3.swiftmodule/arm64-apple-ios-simulator.swiftmodule /Applications/Xcode_26.6.app/Contents/Developer/Toolchains/XcodeDefault.xctoolchain/usr/lib/swift/iphonesimulator/prebuilt-modules/26.5/_StringProcessing.swiftmodule/arm64-apple-ios-simulator.swiftmodule /Applications/Xcode_26.6.app/Contents/Developer/Toolchains/XcodeDefault.xctoolchain/usr/lib/swift/iphonesimulator/prebuilt-modules/26.5/OSLog.swiftmodule/arm64-apple-ios-simulator.swiftmodule /Applications/Xcode_26.6.app/Contents/Developer/Toolchains/XcodeDefault.xctoolchain/usr/lib/swift/iphonesimulator/prebuilt-modules/26.5/Darwin.swiftmodule/arm64-apple-ios-simulator.swiftmodule /Applications/Xcode_26.6.app/Contents/Developer/Toolchains/XcodeDefault.xctoolchain/usr/lib/swift/iphonesimulator/prebuilt-modules/26.5/CoreText.swiftmodule/arm64-apple-ios-simulator.swiftmodule /Applications/Xcode_26.6.app/Contents/Developer/Toolchains/XcodeDefault.xctoolchain/usr/lib/swift/iphonesimulator/prebuilt-modules/26.5/CoreFoundation.swiftmodule/arm64-apple-ios-simulator.swiftmodule /Applications/Xcode_26.6.app/Contents/Developer/Toolchains/XcodeDefault.xctoolchain/usr/lib/swift/iphonesimulator/prebuilt-modules/26.5/simd.swiftmodule/arm64-apple-ios-simulator.swiftmodule /Applications/Xcode_26.6.app/Contents/Developer/Toolchains/XcodeDefault.xctoolchain/usr/lib/swift/iphonesimulator/prebuilt-modules/26.5/_Concurrency.swiftmodule/arm64-apple-ios-simulator.swiftmodule /Applications/Xcode_26.6.app/Contents/Developer/Toolchains/XcodeDefault.xctoolchain/usr/lib/swift/iphonesimulator/prebuilt-modules/26.5/Dispatch.swiftmodule/arm64-apple-ios-simulator.swiftmodule /Applications/Xcode_26.6.app/Contents/Developer/Toolchains/XcodeDefault.xctoolchain/usr/lib/swift/iphonesimulator/prebuilt-modules/26.5/XPC.swiftmodule/arm64-apple-ios-simulator.swiftmodule /Applications/Xcode_26.6.app/Contents/Developer/Toolchains/XcodeDefault.xctoolchain/usr/lib/swift/iphonesimulator/prebuilt-modules/26.5/System.swiftmodule/arm64-apple-ios-simulator.swiftmodule /Applications/Xcode_26.6.app/Contents/Developer/Toolchains/XcodeDefault.xctoolchain/usr/lib/swift/iphonesimulator/prebuilt-modules/26.5/_Builtin_float.swiftmodule/arm64-apple-ios-simulator.swiftmodule /Applications/Xcode_26.6.app/Contents/Developer/Toolchains/XcodeDefault.xctoolchain/usr/lib/swift/iphonesimulator/prebuilt-modules/26.5/Metal.swiftmodule/arm64-apple-ios-simulator.swiftmodule /Applications/Xcode_26.6.app/Contents/Developer/Toolchains/XcodeDefault.xctoolchain/usr/lib/swift/iphonesimulator/prebuilt-modules/26.5/UniformTypeIdentifiers.swiftmodule/arm64-apple-ios-simulator.swiftmodule /Applications/Xcode_26.6.app/Contents/Developer/Toolchains/XcodeDefault.xctoolchain/usr/lib/swift/iphonesimulator/prebuilt-modules/26.5/MetalKit.swiftmodule/arm64-apple-ios-simulator.swiftmodule /Applications/Xcode_26.6.app/Contents/Developer/Toolchains/XcodeDefault.xctoolchain/usr/lib/swift/iphonesimulator/prebuilt-modules/26.5/Swift.swiftmodule/arm64-apple-ios-simulator.swiftmodule /Applications/Xcode_26.6.app/Contents/Developer/Toolchains/XcodeDefault.xctoolchain/usr/lib/swift/iphonesimulator/prebuilt-modules/26.5/CoreTransferable.swiftmodule/arm64-apple-ios-simulator.swiftmodule /Applications/Xcode_26.6.app/Contents/Developer/Toolchains/XcodeDefault.xctoolchain/usr/lib/swift/iphonesimulator/prebuilt-modules/26.5/Spatial.swiftmodule/arm64-apple-ios-simulator.swiftmodule /Applications/Xcode_26.6.app/Contents/Developer/Toolchains/XcodeDefault.xctoolchain/usr/lib/swift/iphonesimulator/prebuilt-modules/26.5/CoreImage.swiftmodule/arm64-apple-ios-simulator.swiftmodule /Applications/Xcode_26.6.app/Contents/Developer/Toolchains/XcodeDefault.xctoolchain/usr/lib/swift/iphonesimulator/prebuilt-modules/26.5/Foundation.swiftmodule/arm64-apple-ios-simulator.swiftmodule /Applications/Xcode_26.6.app/Contents/Developer/Toolchains/XcodeDefault.xctoolchain/usr/lib/swift/iphonesimulator/prebuilt-modules/26.5/ModelIO.swiftmodule/arm64-apple-ios-simulator.swiftmodule /Applications/Xcode_26.6.app/Contents/Developer/Toolchains/XcodeDefault.xctoolchain/usr/lib/swift/iphonesimulator/prebuilt-modules/26.5/CoreData.swiftmodule/arm64-apple-ios-simulator.swiftmodule /Applications/Xcode_26.6.app/Contents/Developer/Toolchains/XcodeDefault.xctoolchain/usr/lib/swift/iphonesimulator/prebuilt-modules/26.5/SwiftUICore.swiftmodule/arm64-apple-ios-simulator.swiftmodule /Applications/Xcode_26.6.app/Contents/Developer/Toolchains/XcodeDefault.xctoolchain/usr/lib/swift/iphonesimulator/prebuilt-modules/26.5/ObjectiveC.swiftmodule/arm64-apple-ios-simulator.swiftmodule /Applications/Xcode_26.6.app/Contents/Developer/Toolchains/XcodeDefault.xctoolchain/usr/lib/swift/iphonesimulator/prebuilt-modules/26.5/Observation.swiftmodule/arm64-apple-ios-simulator.swiftmodule /Applications/Xcode_26.6.app/Contents/Developer/Toolchains/XcodeDefault.xctoolchain/usr/lib/swift/iphonesimulator/prebuilt-modules/26.5/FileProvider.swiftmodule/arm64-apple-ios-simulator.swiftmodule /Applications/Xcode_26.6.app/Contents/Developer/Toolchains/XcodeDefault.xctoolchain/usr/lib/swift/iphonesimulator/prebuilt-modules/26.5/Combine.swiftmodule/arm64-apple-ios-simulator.swiftmodule /Applications/Xcode_26.6.app/Contents/Developer/Toolchains/XcodeDefault.xctoolchain/usr/lib/swift/iphonesimulator/prebuilt-modules/26.5/Accessibility.swiftmodule/arm64-apple-ios-simulator.swiftmodule /Applications/Xcode_26.6.app/Contents/Developer/Toolchains/XcodeDefault.xctoolchain/usr/lib/swift/iphonesimulator/prebuilt-modules/26.5/UIKit.swiftmodule/arm64-apple-ios-simulator.swiftmodule /Applications/Xcode_26.6.app/Contents/Developer/Toolchains/XcodeDefault.xctoolchain/usr/lib/swift/iphonesimulator/prebuilt-modules/26.5/SwiftUI.swiftmodule/arm64-apple-ios-simulator.swiftmodule /Applications/Xcode_26.6.app/Contents/Developer/Toolchains/XcodeDefault.xctoolchain/usr/lib/swift/iphonesimulator/prebuilt-modules/26.5/_DarwinFoundation2.swiftmodule/arm64-apple-ios-simulator.swiftmodule /Applications/Xcode_26.6.app/Contents/Developer/Toolchains/XcodeDefault.xctoolchain/usr/lib/swift/iphonesimulator/prebuilt-modules/26.5/QuartzCore.swiftmodule/arm64-apple-ios-simulator.swiftmodule /Applications/Xcode_26.6.app/Contents/Developer/Toolchains/XcodeDefault.xctoolchain/usr/lib/swift/iphonesimulator/prebuilt-modules/26.5/Compression.swiftmodule/arm64-apple-ios-simulator.swiftmodule /Applications/Xcode_26.6.app/Contents/Developer/Toolchains/XcodeDefault.xctoolchain/usr/lib/swift/iphonesimulator/prebuilt-modules/26.5/DataDetection.swiftmodule/arm64-apple-ios-simulator.swiftmodule /Applications/Xcode_26.6.app/Contents/Developer/Toolchains/XcodeDefault.xctoolchain/usr/lib/swift/iphonesimulator/prebuilt-modules/26.5/CoreGraphics.swiftmodule/arm64-apple-ios-simulator.swiftmodule /Applications/Xcode_26.6.app/Contents/Developer/Toolchains/XcodeDefault.xctoolchain/usr/lib/swift/iphonesimulator/prebuilt-modules/26.5/os.swiftmodule/arm64-apple-ios-simulator.swiftmodule /Applications/Xcode_26.6.app/Contents/Developer/Toolchains/XcodeDefault.xctoolchain/usr/lib/swift/iphonesimulator/prebuilt-modules/26.5/Symbols.swiftmodule/arm64-apple-ios-simulator.swiftmodule /Applications/Xcode_26.6.app/Contents/Developer/Toolchains/XcodeDefault.xctoolchain/usr/lib/swift/iphonesimulator/prebuilt-modules/26.5/_DarwinFoundation1.swiftmodule/arm64-apple-ios-simulator.swiftmodule /Users/runner/work/codeg-ios/codeg-ios/simbuild/ModuleCache.noindex/_Builtin_float-8E7DUEMH0NTLJWH6KSNPBTOVQ.pcm /Users/runner/work/codeg-ios/codeg-ios/simbuild/ModuleCache.noindex/SwiftUI-71DYS0UO5YNG3LNNBIH1GF2N0.pcm /Users/runner/work/codeg-ios/codeg-ios/simbuild/ModuleCache.noindex/_Builtin_tgmath-E7QA0YP6JG2EWX0T8K4N89ZS7.pcm /Users/runner/work/codeg-ios/codeg-ios/simbuild/ModuleCache.noindex/UserNotifications-EG0AQG37MB16TPRJYYEE76XUK.pcm /Users/runner/work/codeg-ios/codeg-ios/simbuild/ModuleCache.noindex/CoreData-8E2VOJZTNQBXQESCIYTCK72ZL.pcm /Users/runner/work/codeg-ios/codeg-ios/simbuild/ModuleCache.noindex/IOSurface-6AXKUFC2YCUUS1XMZ8QYSTJBS.pcm /Users/runner/work/codeg-ios/codeg-ios/simbuild/ModuleCache.noindex/MachO-42T15P5ZN2C5VPQY1PKV0LNSO.pcm /Users/runner/work/codeg-ios/codeg-ios/simbuild/ModuleCache.noindex/Dispatch-9F7K7YSP58O29LFWDSZ3GY7JD.pcm /Users/runner/work/codeg-ios/codeg-ios/simbuild/ModuleCache.noindex/_Builtin_stdarg-8K5SFWJET2T5CNMF4DQX9QVC2.pcm /Users/runner/work/codeg-ios/codeg-ios/simbuild/ModuleCache.noindex/ObjectiveC-2SDL0VSOZSYA511N7L9ABG31M.pcm /Users/runner/work/codeg-ios/codeg-ios/simbuild/ModuleCache.noindex/Compression-CUURA29OL530CU4ML68LD20QZ.pcm /Users/runner/work/codeg-ios/codeg-ios/simbuild/ModuleCache.noindex/UniformTypeIdentifiers-8NCCKOJXRM6YZOLNV89O5LNWJ.pcm /Users/runner/work/codeg-ios/codeg-ios/simbuild/ModuleCache.noindex/ImageIO-7UG02HAL44ASPZPDL8UKGVBQW.pcm /Users/runner/work/codeg-ios/codeg-ios/simbuild/ModuleCache.noindex/Spatial-5XDUG2QDWCHEDB6B95S2CHB4X.pcm /Users/runner/work/codeg-ios/codeg-ios/simbuild/ModuleCache.noindex/os_object-5TI7JYAZIOGAY0KG1MWAZKF4R.pcm /Users/runner/work/codeg-ios/codeg-ios/simbuild/ModuleCache.noindex/Security-E86MZDI3E5PKLILIGRFB51VUB.pcm /Users/runner/work/codeg-ios/codeg-ios/simbuild/ModuleCache.noindex/ptrauth-EFIY5JYOEBA60DAWW8J91ANAG.pcm /Users/runner/work/codeg-ios/codeg-ios/simbuild/ModuleCache.noindex/CoreTransferable-7HZXHAMAH375PHG8P03AZBZ8Z.pcm /Users/runner/work/codeg-ios/codeg-ios/simbuild/ModuleCache.noindex/ModelIO-8Q07WQETPM6Y4TLFZEV8G4RBP.pcm /Users/runner/work/codeg-ios/codeg-ios/simbuild/ModuleCache.noindex/_DarwinFoundation3-8SJZ0RUIUNNQMH25ZJ4XKKJUI.pcm /Users/runner/work/codeg-ios/codeg-ios/simbuild/ModuleCache.noindex/CFNetwork-1K5DWF0UMQ0M316X8DV3XP5IC.pcm /Users/runner/work/codeg-ios/codeg-ios/simbuild/ModuleCache.noindex/DeveloperToolsSupport-1LG1DHD56TC3ZPUOSAA1MTTV2.pcm /Users/runner/work/codeg-ios/codeg-ios/simbuild/ModuleCache.noindex/CoreGraphics-5S4ED4P0SYTJ07H3V2IHRLFD4.pcm /Users/runner/work/codeg-ios/codeg-ios/simbuild/ModuleCache.noindex/Symbols-AYLY9TM57THD570TTAZIZ1X6P.pcm /Users/runner/work/codeg-ios/codeg-ios/simbuild/ModuleCache.noindex/DataDetection-C5S2PAJ8DB8RF3K3S86R3LM4G.pcm /Users/runner/work/codeg-ios/codeg-ios/simbuild/ModuleCache.noindex/CoreFoundation-7N0V3DBG0KKK374XKNIKGZ37Q.pcm /Users/runner/work/codeg-ios/codeg-ios/simbuild/ModuleCache.noindex/os_workgroup-ES1ENQTO1QDI0XMOPHTMAHS3P.pcm /Users/runner/work/codeg-ios/codeg-ios/simbuild/ModuleCache.noindex/_Builtin_intrinsics-ELJIWXEE3WZ3HZKY0IEBZ5RT5.pcm /Users/runner/work/codeg-ios/codeg-ios/simbuild/ModuleCache.noindex/XPC-EX3BG6CXHRFJRZMJCPEYROQ1H.pcm /Users/runner/work/codeg-ios/codeg-ios/simbuild/ModuleCache.noindex/Metal-855Y3CGEURPFYNUE11B37FBEW.pcm /Users/runner/work/codeg-ios/codeg-ios/simbuild/ModuleCache.noindex/Foundation-CO8GXRYJFFGREFM0ZTQKPV5X9.pcm /Users/runner/work/codeg-ios/codeg-ios/simbuild/ModuleCache.noindex/MetalKit-DTW27B1YH3OV768P4657TK2MJ.pcm /Users/runner/work/codeg-ios/codeg-ios/simbuild/ModuleCache.noindex/_Builtin_stddef-DPYGB7PP8KVJU3189HUJQ0DVM.pcm /Users/runner/work/codeg-ios/codeg-ios/simbuild/ModuleCache.noindex/_DarwinFoundation2-4PWOR81KU6Q5RS3FXJ67L0W74.pcm /Users/runner/work/codeg-ios/codeg-ios/simbuild/ModuleCache.noindex/SwiftUICore-BYDWODI4CTYB561N6D2A7AQPN.pcm /Users/runner/work/codeg-ios/codeg-ios/simbuild/ModuleCache.noindex/_Builtin_stdint-4PFJU7IYYJ9T8CJGYQVNMD3S.pcm /Users/runner/work/codeg-ios/codeg-ios/simbuild/ModuleCache.noindex/Darwin-S337QFMI89U2TS6AKE6GLRGY.pcm /Users/runner/work/codeg-ios/codeg-ios/simbuild/ModuleCache.noindex/_Builtin_stdbool-DHEI5Z85ZYY4FMS6LU9N6ME2S.pcm /Users/runner/work/codeg-ios/codeg-ios/simbuild/ModuleCache.noindex/_Builtin_limits-57QNUAHDF9FZO1GL37TSUVT9R.pcm /Users/runner/work/codeg-ios/codeg-ios/simbuild/ModuleCache.noindex/OSLog-BMOISE71IMY9XCERD0EDVQSX7.pcm /Users/runner/work/codeg-ios/codeg-ios/simbuild/ModuleCache.noindex/UIKit-9TOIY5ZXTO00O03UD48QYQNO9.pcm /Users/runner/work/codeg-ios/codeg-ios/simbuild/ModuleCache.noindex/_DarwinFoundation1-4OMMKF6WZ2FCBW88C20RBGUF6.pcm /Users/runner/work/codeg-ios/codeg-ios/simbuild/ModuleCache.noindex/_Builtin_stdatomic-29CTE4A1JWSQBMZR6VLY76W0X.pcm /Users/runner/work/codeg-ios/codeg-ios/simbuild/ModuleCache.noindex/CoreText-D72MAYM4H07G0J94EGN1C1Z27.pcm /Users/runner/work/codeg-ios/codeg-ios/simbuild/ModuleCache.noindex/_AvailabilityInternal-2CODP5ZCSYL8P13XSQ7FUB6DB.pcm /Users/runner/work/codeg-ios/codeg-ios/simbuild/ModuleCache.noindex/QuartzCore-83T11KTQ798FMNJC5WM7MSI0R.pcm /Users/runner/work/codeg-ios/codeg-ios/simbuild/ModuleCache.noindex/OpenGLES-6VWSGCQWUEK27JHFSGTSQTG02.pcm /Users/runner/work/codeg-ios/codeg-ios/simbuild/ModuleCache.noindex/SwiftShims-7TC22RHG9JJ7X2INKG06APNBP.pcm /Users/runner/work/codeg-ios/codeg-ios/simbuild/ModuleCache.noindex/FileProvider-6T0QUVUG7V1BD4QZZPA1HP6T5.pcm /Users/runner/work/codeg-ios/codeg-ios/simbuild/ModuleCache.noindex/CoreVideo-CQV8X54YZXE1S0B2IRLMRG27A.pcm /Users/runner/work/codeg-ios/codeg-ios/simbuild/ModuleCache.noindex/CoreImage-EJQYZ2HIBSX4SJLKP98JVVVML.pcm /Users/runner/work/codeg-ios/codeg-ios/simbuild/ModuleCache.noindex/sys_types-E5SF0UR6H6WBPFWIX3LNP5C3R.pcm /Users/runner/work/codeg-ios/codeg-ios/simbuild/ModuleCache.noindex/_Builtin_inttypes-7CJ1RGM9QN0O0N2KSM8MMT3AH.pcm /Users/runner/work/codeg-ios/codeg-ios/simbuild/ModuleCache.noindex/Accessibility-1EDFJJE4X8X87QFO934BIA30D.pcm /Users/runner/work/codeg-ios/codeg-ios/simbuild/ModuleCache.noindex/ptrcheck-92HQKMGK8X2I1UY2A89L887NN.pcm /Users/runner/work/codeg-ios/codeg-ios/simbuild/ModuleCache.noindex/os-CV22V325J06VEHN14FUY13D8Z.pcm /Users/runner/work/codeg-ios/codeg-ios/simbuild/ModuleCache.noindex/UIUtilities-83ZLLY3AHMTH2HQQQFJRCQD6K.pcm /Users/runner/work/codeg-ios/codeg-ios/simbuild/ModuleCache.noindex/simd-AO0YSZEZO4GZ06WTEVLLJ8NX1.pcm /Users/runner/work/codeg-ios/codeg-ios/simbuild/ModuleCache.noindex/_SwiftConcurrencyShims-AWSOWMYUBGTQCKEFWI17PJDMX.pcm /Users/runner/work/codeg-ios/codeg-ios/simbuild/Build/Intermediates.noindex/SwiftTerm.build/Release-iphonesimulator/SwiftTerm.build/Objects-normal/arm64/SwiftTerm-dependencies-1.json (in target 'SwiftTerm' from project 'SwiftTerm')

CompileSwift normal arm64 (in target 'SwiftTerm' from project 'SwiftTerm')
    cd /Users/runner/work/codeg-ios/codeg-ios/CodegiOS.xcodeproj
    

SwiftDriverJobDiscovery normal arm64 Compiling resource_bundle_accessor.swift, AppleTerminalView.swift, BlockElementRenderer.swift, BoxDrawingRenderer.swift, CaretView.swift, Extensions.swift, CoreTextGlyphRasterizer.swift, GlyphAtlas.swift, MetalBufferingMode.swift, MetalError.swift, MetalTerminalRenderer.swift, TerminalProgressBarView.swift, TerminalViewDelegate.swift, Buffer.swift, BufferLine.swift, BufferSet.swift, CharData.swift, CharSets.swift, CircularList.swift, Colors.swift, EscapeSequenceParser.swift, EscapeSequences.swift, ExtensionsTerminal.swift, File.swift, HeadlessTerminal.swift, KittyGraphics.swift, KittyKeyboardEncoder.swift, KittyKeyboardProtocol.swift, KittyPlaceholder.swift, Line.swift, LocalProcess.swift, MacAccessibilityService.swift, MacCaretView.swift, MacDebugView.swift, MacExtensions.swift, MacFindBarView.swift, MacLocalTerminalView.swift, MacTerminalView.swift, Position.swift, Pty.swift, SearchEngine.swift, SearchLineCache.swift, SearchOptions.swift, SearchService.swift, SearchState.swift, SelectionService.swift, SixelDcsHandler.swift, Terminal.swift, TerminalOptions.swift, TerminalViewSearch.swift, UnicodeWidthData.swift, Utilities.swift, SwiftUITerminalView.swift, iOSAccessoryView.swift, iOSCaretView.swift, iOSDoubleButton.swift, iOSExtensions.swift, iOSKeyboardView.swift, iOSTerminalView.swift, iOSTextInput.swift, iOSTextStorage.swift (in target 'SwiftTerm' from project 'SwiftTerm')

SwiftDriver\ Compilation\ Requirements SwiftTerm normal arm64 com.apple.xcode.tools.swift.compiler (in target 'SwiftTerm' from project 'SwiftTerm')
    cd /Users/runner/work/codeg-ios/codeg-ios/CodegiOS.xcodeproj
    builtin-Swift-Compilation-Requirements -- /Applications/Xcode_26.6.app/Contents/Developer/Toolchains/XcodeDefault.xctoolchain/usr/bin/swiftc -module-name SwiftTerm -O -whole-module-optimization @/Users/runner/work/codeg-ios/codeg-ios/simbuild/Build/Intermediates.noindex/SwiftTerm.build/Release-iphonesimulator/SwiftTerm.build/Objects-normal/arm64/SwiftTerm.SwiftFileList -DSWIFT_PACKAGE -DSWIFT_MODULE_RESOURCE_BUNDLE_AVAILABLE -DXcode -plugin-path /Applications/Xcode_26.6.app/Contents/Developer/Toolchains/XcodeDefault.xctoolchain/usr/lib/swift/host/plugins/testing -enable-experimental-feature DebugDescriptionMacro -sdk /Applications/Xcode_26.6.app/Contents/Developer/Platforms/iPhoneSimulator.platform/Developer/SDKs/iPhoneSimulator26.5.sdk -target arm64-apple-ios14.0-simulator -g -module-cache-path /Users/runner/work/codeg-ios/codeg-ios/simbuild/ModuleCache.noindex -Xfrontend -serialize-debugging-options -suppress-warnings -swift-version 5 -I /Users/runner/work/codeg-ios/codeg-ios/simbuild/Build/Products/Release-iphonesimulator -Isystem /Applications/Xcode_26.6.app/Contents/Developer/Platforms/iPhoneSimulator.platform/Developer/usr/lib -F /Users/runner/work/codeg-ios/codeg-ios/simbuild/Build/Products/Release-iphonesimulator -F /Applications/Xcode_26.6.app/Contents/Developer/Platforms/iPhoneSimulator.platform/Developer/Library/Frameworks -F /Applications/Xcode_26.6.app/Contents/Developer/Platforms/iPhoneSimulator.platform/Developer/SDKs/iPhoneSimulator26.5.sdk/Developer/Library/Frameworks -c -num-threads 3 -Xcc -ivfsstatcache -Xcc /Users/runner/work/codeg-ios/codeg-ios/simbuild/SDKStatCaches.noindex/iphonesimulator26.5-23F81a-688ef53f1462e2c8f657fdc38a81448ff45c64a1807a658693f2a61704f17a36.sdkstatcache -output-file-map /Users/runner/work/codeg-ios/codeg-ios/simbuild/Build/Intermediates.noindex/SwiftTerm.build/Release-iphonesimulator/SwiftTerm.build/Objects-normal/arm64/SwiftTerm-OutputFileMap.json -use-frontend-parseable-output -save-temps -no-color-diagnostics -explicit-module-build -module-cache-path /Users/runner/work/codeg-ios/codeg-ios/simbuild/Build/Intermediates.noindex/SwiftExplicitPrecompiledModules -clang-scanner-module-cache-path /Users/runner/work/codeg-ios/codeg-ios/simbuild/ModuleCache.noindex -sdk-module-cache-path /Users/runner/work/codeg-ios/codeg-ios/simbuild/ModuleCache.noindex -serialize-diagnostics -emit-dependencies -emit-module -emit-module-path /Users/runner/work/codeg-ios/codeg-ios/simbuild/Build/Intermediates.noindex/SwiftTerm.build/Release-iphonesimulator/SwiftTerm.build/Objects-normal/arm64/SwiftTerm.swiftmodule -validate-clang-modules-once -clang-build-session-file /Users/runner/work/codeg-ios/codeg-ios/simbuild/ModuleCache.noindex/Session.modulevalidation -package-name swiftterm -Xcc -I/Users/runner/work/codeg-ios/codeg-ios/simbuild/Build/Intermediates.noindex/SwiftTerm.build/Release-iphonesimulator/SwiftTerm.build/swift-overrides.hmap -emit-const-values -Xfrontend -const-gather-protocols-file -Xfrontend /Users/runner/work/codeg-ios/codeg-ios/simbuild/Build/Intermediates.noindex/SwiftTerm.build/Release-iphonesimulator/SwiftTerm.build/Objects-normal/arm64/SwiftTerm_const_extract_protocols.json -Xcc -I/Users/runner/work/codeg-ios/codeg-ios/simbuild/Build/Products/Release-iphonesimulator/include -Xcc -I/Users/runner/work/codeg-ios/codeg-ios/simbuild/Build/Intermediates.noindex/SwiftTerm.build/Release-iphonesimulator/SwiftTerm.build/DerivedSources-normal/arm64 -Xcc -I/Users/runner/work/codeg-ios/codeg-ios/simbuild/Build/Intermediates.noindex/SwiftTerm.build/Release-iphonesimulator/SwiftTerm.build/DerivedSources/arm64 -Xcc -I/Users/runner/work/codeg-ios/codeg-ios/simbuild/Build/Intermediates.noindex/SwiftTerm.build/Release-iphonesimulator/SwiftTerm.build/DerivedSources -Xcc -DSWIFT_PACKAGE -emit-objc-header -emit-objc-header-path /Users/runner/work/codeg-ios/codeg-ios/simbuild/Build/Intermediates.noindex/SwiftTerm.build/Release-iphonesimulator/SwiftTerm.build/Objects-normal/arm64/SwiftTerm-Swift.h -working-directory /Users/runner/work/codeg-ios/codeg-ios/CodegiOS.xcodeproj -no-emit-module-separately-wmo

SwiftMergeGeneratedHeaders /Users/runner/work/codeg-ios/codeg-ios/simbuild/Build/Intermediates.noindex/GeneratedModuleMaps-iphonesimulator/SwiftTerm-Swift.h /Users/runner/work/codeg-ios/codeg-ios/simbuild/Build/Intermediates.noindex/SwiftTerm.build/Release-iphonesimulator/SwiftTerm.build/Objects-normal/arm64/SwiftTerm-Swift.h (in target 'SwiftTerm' from project 'SwiftTerm')
    cd /Users/runner/work/codeg-ios/codeg-ios/simbuild/SourcePackages/checkouts/SwiftTerm
    builtin-swiftHeaderTool -arch arm64 /Users/runner/work/codeg-ios/codeg-ios/simbuild/Build/Intermediates.noindex/SwiftTerm.build/Release-iphonesimulator/SwiftTerm.build/Objects-normal/arm64/SwiftTerm-Swift.h -o /Users/runner/work/codeg-ios/codeg-ios/simbuild/Build/Intermediates.noindex/GeneratedModuleMaps-iphonesimulator/SwiftTerm-Swift.h

Copy /Users/runner/work/codeg-ios/codeg-ios/simbuild/Build/Products/Release-iphonesimulator/SwiftTerm.swiftmodule/arm64-apple-ios-simulator.swiftmodule /Users/runner/work/codeg-ios/codeg-ios/simbuild/Build/Intermediates.noindex/SwiftTerm.build/Release-iphonesimulator/SwiftTerm.build/Objects-normal/arm64/SwiftTerm.swiftmodule (in target 'SwiftTerm' from project 'SwiftTerm')
    cd /Users/runner/work/codeg-ios/codeg-ios/simbuild/SourcePackages/checkouts/SwiftTerm
    builtin-copy -exclude .DS_Store -exclude CVS -exclude .svn -exclude .git -exclude .hg -strip-unsigned-binaries -strip-deterministic -strip-tool /Applications/Xcode_26.6.app/Contents/Developer/Toolchains/XcodeDefault.xctoolchain/usr/bin/strip -resolve-src-symlinks -rename /Users/runner/work/codeg-ios/codeg-ios/simbuild/Build/Intermediates.noindex/SwiftTerm.build/Release-iphonesimulator/SwiftTerm.build/Objects-normal/arm64/SwiftTerm.swiftmodule /Users/runner/work/codeg-ios/codeg-ios/simbuild/Build/Products/Release-iphonesimulator/SwiftTerm.swiftmodule/arm64-apple-ios-simulator.swiftmodule

Copy /Users/runner/work/codeg-ios/codeg-ios/simbuild/Build/Products/Release-iphonesimulator/SwiftTerm.swiftmodule/arm64-apple-ios-simulator.swiftdoc /Users/runner/work/codeg-ios/codeg-ios/simbuild/Build/Intermediates.noindex/SwiftTerm.build/Release-iphonesimulator/SwiftTerm.build/Objects-normal/arm64/SwiftTerm.swiftdoc (in target 'SwiftTerm' from project 'SwiftTerm')
    cd /Users/runner/work/codeg-ios/codeg-ios/simbuild/SourcePackages/checkouts/SwiftTerm
    builtin-copy -exclude .DS_Store -exclude CVS -exclude .svn -exclude .git -exclude .hg -strip-unsigned-binaries -strip-deterministic -strip-tool /Applications/Xcode_26.6.app/Contents/Developer/Toolchains/XcodeDefault.xctoolchain/usr/bin/strip -resolve-src-symlinks -rename /Users/runner/work/codeg-ios/codeg-ios/simbuild/Build/Intermediates.noindex/SwiftTerm.build/Release-iphonesimulator/SwiftTerm.build/Objects-normal/arm64/SwiftTerm.swiftdoc /Users/runner/work/codeg-ios/codeg-ios/simbuild/Build/Products/Release-iphonesimulator/SwiftTerm.swiftmodule/arm64-apple-ios-simulator.swiftdoc

Copy /Users/runner/work/codeg-ios/codeg-ios/simbuild/Build/Products/Release-iphonesimulator/SwiftTerm.swiftmodule/arm64-apple-ios-simulator.abi.json /Users/runner/work/codeg-ios/codeg-ios/simbuild/Build/Intermediates.noindex/SwiftTerm.build/Release-iphonesimulator/SwiftTerm.build/Objects-normal/arm64/SwiftTerm.abi.json (in target 'SwiftTerm' from project 'SwiftTerm')
    cd /Users/runner/work/codeg-ios/codeg-ios/simbuild/SourcePackages/checkouts/SwiftTerm
    builtin-copy -exclude .DS_Store -exclude CVS -exclude .svn -exclude .git -exclude .hg -strip-unsigned-binaries -strip-deterministic -strip-tool /Applications/Xcode_26.6.app/Contents/Developer/Toolchains/XcodeDefault.xctoolchain/usr/bin/strip -resolve-src-symlinks -rename /Users/runner/work/codeg-ios/codeg-ios/simbuild/Build/Intermediates.noindex/SwiftTerm.build/Release-iphonesimulator/SwiftTerm.build/Objects-normal/arm64/SwiftTerm.abi.json /Users/runner/work/codeg-ios/codeg-ios/simbuild/Build/Products/Release-iphonesimulator/SwiftTerm.swiftmodule/arm64-apple-ios-simulator.abi.json

Copy /Users/runner/work/codeg-ios/codeg-ios/simbuild/Build/Products/Release-iphonesimulator/SwiftTerm.swiftmodule/Project/arm64-apple-ios-simulator.swiftsourceinfo /Users/runner/work/codeg-ios/codeg-ios/simbuild/Build/Intermediates.noindex/SwiftTerm.build/Release-iphonesimulator/SwiftTerm.build/Objects-normal/arm64/SwiftTerm.swiftsourceinfo (in target 'SwiftTerm' from project 'SwiftTerm')
    cd /Users/runner/work/codeg-ios/codeg-ios/simbuild/SourcePackages/checkouts/SwiftTerm
    builtin-copy -exclude .DS_Store -exclude CVS -exclude .svn -exclude .git -exclude .hg -strip-unsigned-binaries -strip-deterministic -strip-tool /Applications/Xcode_26.6.app/Contents/Developer/Toolchains/XcodeDefault.xctoolchain/usr/bin/strip -resolve-src-symlinks -rename /Users/runner/work/codeg-ios/codeg-ios/simbuild/Build/Intermediates.noindex/SwiftTerm.build/Release-iphonesimulator/SwiftTerm.build/Objects-normal/arm64/SwiftTerm.swiftsourceinfo /Users/runner/work/codeg-ios/codeg-ios/simbuild/Build/Products/Release-iphonesimulator/SwiftTerm.swiftmodule/Project/arm64-apple-ios-simulator.swiftsourceinfo

Ld /Users/runner/work/codeg-ios/codeg-ios/simbuild/Build/Products/Release-iphonesimulator/SwiftTerm.o normal (in target 'SwiftTerm' from project 'SwiftTerm')
    cd /Users/runner/work/codeg-ios/codeg-ios/simbuild/SourcePackages/checkouts/SwiftTerm
    /Applications/Xcode_26.6.app/Contents/Developer/Toolchains/XcodeDefault.xctoolchain/usr/bin/clang -Xlinker -reproducible -target arm64-apple-ios14.0-simulator -r -isysroot /Applications/Xcode_26.6.app/Contents/Developer/Platforms/iPhoneSimulator.platform/Developer/SDKs/iPhoneSimulator26.5.sdk -Os -w -F/Users/runner/work/codeg-ios/codeg-ios/simbuild/Build/Intermediates.noindex/EagerLinkingTBDs/Release-iphonesimulator -F/Users/runner/work/codeg-ios/codeg-ios/simbuild/Build/Products/Release-iphonesimulator -iframework /Applications/Xcode_26.6.app/Contents/Developer/Platforms/iPhoneSimulator.platform/Developer/Library/Frameworks -iframework /Applications/Xcode_26.6.app/Contents/Developer/Platforms/iPhoneSimulator.platform/Developer/SDKs/iPhoneSimulator26.5.sdk/Developer/Library/Frameworks -filelist /Users/runner/work/codeg-ios/codeg-ios/simbuild/Build/Intermediates.noindex/SwiftTerm.build/Release-iphonesimulator/SwiftTerm.build/Objects-normal/arm64/SwiftTerm.LinkFileList -nostdlib -Xlinker -object_path_lto -Xlinker /Users/runner/work/codeg-ios/codeg-ios/simbuild/Build/Intermediates.noindex/SwiftTerm.build/Release-iphonesimulator/SwiftTerm.build/Objects-normal/arm64/SwiftTerm_lto.o -Xlinker -objc_abi_version -Xlinker 2 -Xlinker -dependency_info -Xlinker /Users/runner/work/codeg-ios/codeg-ios/simbuild/Build/Intermediates.noindex/SwiftTerm.build/Release-iphonesimulator/SwiftTerm.build/Objects-normal/arm64/SwiftTerm_dependency_info.dat -fobjc-link-runtime -L/Applications/Xcode_26.6.app/Contents/Developer/Toolchains/XcodeDefault.xctoolchain/usr/lib/swift/iphonesimulator -L/usr/lib/swift -Xlinker -add_ast_path -Xlinker /Users/runner/work/codeg-ios/codeg-ios/simbuild/Build/Intermediates.noindex/SwiftTerm.build/Release-iphonesimulator/SwiftTerm.build/Objects-normal/arm64/SwiftTerm.swiftmodule @/Users/runner/work/codeg-ios/codeg-ios/simbuild/Build/Intermediates.noindex/SwiftTerm.build/Release-iphonesimulator/SwiftTerm.build/Objects-normal/arm64/SwiftTerm-linker-args.resp -o /Users/runner/work/codeg-ios/codeg-ios/simbuild/Build/Products/Release-iphonesimulator/SwiftTerm.o

SwiftDriver CodegiOS normal arm64 com.apple.xcode.tools.swift.compiler (in target 'CodegiOS' from project 'CodegiOS')
    cd /Users/runner/work/codeg-ios/codeg-ios
    builtin-SwiftDriver -- /Applications/Xcode_26.6.app/Contents/Developer/Toolchains/XcodeDefault.xctoolchain/usr/bin/swiftc -module-name Codeg -O -whole-module-optimization @/Users/runner/work/codeg-ios/codeg-ios/simbuild/Build/Intermediates.noindex/CodegiOS.build/Release-iphonesimulator/CodegiOS.build/Objects-normal/arm64/Codeg.SwiftFileList -enable-bare-slash-regex -enable-experimental-feature DebugDescriptionMacro -sdk /Applications/Xcode_26.6.app/Contents/Developer/Platforms/iPhoneSimulator.platform/Developer/SDKs/iPhoneSimulator26.5.sdk -target arm64-apple-ios16.0-simulator -g -module-cache-path /Users/runner/work/codeg-ios/codeg-ios/simbuild/ModuleCache.noindex -Xfrontend -serialize-debugging-options -swift-version 5 -I /Users/runner/work/codeg-ios/codeg-ios/simbuild/Build/Products/Release-iphonesimulator -F /Users/runner/work/codeg-ios/codeg-ios/simbuild/Build/Products/Release-iphonesimulator/PackageFrameworks -F /Users/runner/work/codeg-ios/codeg-ios/simbuild/Build/Products/Release-iphonesimulator -c -num-threads 3 -Xcc -ivfsstatcache -Xcc /Users/runner/work/codeg-ios/codeg-ios/simbuild/SDKStatCaches.noindex/iphonesimulator26.5-23F81a-688ef53f1462e2c8f657fdc38a81448ff45c64a1807a658693f2a61704f17a36.sdkstatcache -output-file-map /Users/runner/work/codeg-ios/codeg-ios/simbuild/Build/Intermediates.noindex/CodegiOS.build/Release-iphonesimulator/CodegiOS.build/Objects-normal/arm64/CodegiOS-OutputFileMap.json -use-frontend-parseable-output -save-temps -no-color-diagnostics -explicit-module-build -module-cache-path /Users/runner/work/codeg-ios/codeg-ios/simbuild/Build/Intermediates.noindex/SwiftExplicitPrecompiledModules -clang-scanner-module-cache-path /Users/runner/work/codeg-ios/codeg-ios/simbuild/ModuleCache.noindex -sdk-module-cache-path /Users/runner/work/codeg-ios/codeg-ios/simbuild/ModuleCache.noindex -serialize-diagnostics -emit-dependencies -emit-module -emit-module-path /Users/runner/work/codeg-ios/codeg-ios/simbuild/Build/Intermediates.noindex/CodegiOS.build/Release-iphonesimulator/CodegiOS.build/Objects-normal/arm64/Codeg.swiftmodule -validate-clang-modules-once -clang-build-session-file /Users/runner/work/codeg-ios/codeg-ios/simbuild/ModuleCache.noindex/Session.modulevalidation -Xcc -I/Users/runner/work/codeg-ios/codeg-ios/simbuild/Build/Intermediates.noindex/CodegiOS.build/Release-iphonesimulator/CodegiOS.build/swift-overrides.hmap -emit-const-values -Xfrontend -const-gather-protocols-file -Xfrontend /Users/runner/work/codeg-ios/codeg-ios/simbuild/Build/Intermediates.noindex/CodegiOS.build/Release-iphonesimulator/CodegiOS.build/Objects-normal/arm64/CodegiOS_const_extract_protocols.json -Xcc -iquote -Xcc /Users/runner/work/codeg-ios/codeg-ios/simbuild/Build/Intermediates.noindex/CodegiOS.build/Release-iphonesimulator/CodegiOS.build/Codeg-generated-files.hmap -Xcc -I/Users/runner/work/codeg-ios/codeg-ios/simbuild/Build/Intermediates.noindex/CodegiOS.build/Release-iphonesimulator/CodegiOS.build/Codeg-own-target-headers.hmap -Xcc -I/Users/runner/work/codeg-ios/codeg-ios/simbuild/Build/Intermediates.noindex/CodegiOS.build/Release-iphonesimulator/CodegiOS.build/Codeg-all-non-framework-target-headers.hmap -Xcc -ivfsoverlay -Xcc /Users/runner/work/codeg-ios/codeg-ios/simbuild/Build/Intermediates.noindex/CodegiOS.build/Release-iphonesimulator/CodegiOS-d8c00a8ece3c619e25b91743c70f7b97-VFS-iphonesimulator/all-product-headers.yaml -Xcc -iquote -Xcc /Users/runner/work/codeg-ios/codeg-ios/simbuild/Build/Intermediates.noindex/CodegiOS.build/Release-iphonesimulator/CodegiOS.build/Codeg-project-headers.hmap -Xcc -I/Users/runner/work/codeg-ios/codeg-ios/simbuild/Build/Products/Release-iphonesimulator/include -Xcc -I/Users/runner/work/codeg-ios/codeg-ios/simbuild/Build/Intermediates.noindex/CodegiOS.build/Release-iphonesimulator/CodegiOS.build/DerivedSources-normal/arm64 -Xcc -I/Users/runner/work/codeg-ios/codeg-ios/simbuild/Build/Intermediates.noindex/CodegiOS.build/Release-iphonesimulator/CodegiOS.build/DerivedSources/arm64 -Xcc -I/Users/runner/work/codeg-ios/codeg-ios/simbuild/Build/Intermediates.noindex/CodegiOS.build/Release-iphonesimulator/CodegiOS.build/DerivedSources -emit-objc-header -emit-objc-header-path /Users/runner/work/codeg-ios/codeg-ios/simbuild/Build/Intermediates.noindex/CodegiOS.build/Release-iphonesimulator/CodegiOS.build/Objects-normal/arm64/Codeg-Swift.h -working-directory /Users/runner/work/codeg-ios/codeg-ios -no-emit-module-separately-wmo

ExtractAppIntentsMetadata (in target 'SwiftTerm' from project 'SwiftTerm')
    cd /Users/runner/work/codeg-ios/codeg-ios/simbuild/SourcePackages/checkouts/SwiftTerm
    /Applications/Xcode_26.6.app/Contents/Developer/Toolchains/XcodeDefault.xctoolchain/usr/bin/appintentsmetadataprocessor --toolchain-dir /var/run/com.apple.security.cryptexd/mnt/com.apple.MobileAsset.MetalToolchain-v17.6.109.0.jogoUg/Metal.xctoolchain --module-name SwiftTerm --sdk-root /Applications/Xcode_26.6.app/Contents/Developer/Platforms/iPhoneSimulator.platform/Developer/SDKs/iPhoneSimulator26.5.sdk --xcode-version 17F113 --platform-family iOS --deployment-target 14.0 --bundle-identifier swiftterm.SwiftTerm --output /Users/runner/work/codeg-ios/codeg-ios/simbuild/Build/Products/Release-iphonesimulator/SwiftTerm.appintents --target-triple arm64-apple-ios14.0-simulator --binary-file /Users/runner/work/codeg-ios/codeg-ios/simbuild/Build/Products/Release-iphonesimulator/SwiftTerm.o --dependency-file /Users/runner/work/codeg-ios/codeg-ios/simbuild/Build/Intermediates.noindex/SwiftTerm.build/Release-iphonesimulator/SwiftTerm.build/Objects-normal/arm64/SwiftTerm_dependency_info.dat --stringsdata-file /Users/runner/work/codeg-ios/codeg-ios/simbuild/Build/Intermediates.noindex/SwiftTerm.build/Release-iphonesimulator/SwiftTerm.build/Objects-normal/arm64/ExtractedAppShortcutsMetadata.stringsdata --source-file-list /Users/runner/work/codeg-ios/codeg-ios/simbuild/Build/Intermediates.noindex/SwiftTerm.build/Release-iphonesimulator/SwiftTerm.build/Objects-normal/arm64/SwiftTerm.SwiftFileList --metadata-file-list /Users/runner/work/codeg-ios/codeg-ios/simbuild/Build/Intermediates.noindex/SwiftTerm.build/Release-iphonesimulator/SwiftTerm.build/SwiftTerm.DependencyMetadataFileList --static-metadata-file-list /Users/runner/work/codeg-ios/codeg-ios/simbuild/Build/Intermediates.noindex/SwiftTerm.build/Release-iphonesimulator/SwiftTerm.build/SwiftTerm.DependencyStaticMetadataFileList --swift-const-vals-list /Users/runner/work/codeg-ios/codeg-ios/simbuild/Build/Intermediates.noindex/SwiftTerm.build/Release-iphonesimulator/SwiftTerm.build/Objects-normal/arm64/SwiftTerm.SwiftConstValuesFileList --force --compile-time-extraction --deployment-aware-processing --validate-assistant-intents --no-app-shortcuts-localization
2026-09-24 04:48:19.481 appintentsmetadataprocessor[7890:26677] Starting appintentsmetadataprocessor export
2026-09-24 04:48:19.600 appintentsmetadataprocessor[7890:26677] Extracted no relevant App Intents symbols, skipping writing output

RegisterExecutionPolicyException /Users/runner/work/codeg-ios/codeg-ios/simbuild/Build/Products/Release-iphonesimulator/SwiftTerm.o (in target 'SwiftTerm' from project 'SwiftTerm')
    cd /Users/runner/work/codeg-ios/codeg-ios/simbuild/SourcePackages/checkouts/SwiftTerm
    builtin-RegisterExecutionPolicyException /Users/runner/work/codeg-ios/codeg-ios/simbuild/Build/Products/Release-iphonesimulator/SwiftTerm.o

MkDir /Users/runner/work/codeg-ios/codeg-ios/simbuild/Build/Intermediates.noindex/CodegiOS.build/Release-iphonesimulator/CodegiOS.build/assetcatalog_output/unthinned (in target 'CodegiOS' from project 'CodegiOS')
    cd /Users/runner/work/codeg-ios/codeg-ios
    /bin/mkdir -p /Users/runner/work/codeg-ios/codeg-ios/simbuild/Build/Intermediates.noindex/CodegiOS.build/Release-iphonesimulator/CodegiOS.build/assetcatalog_output/unthinned

MkDir /Users/runner/work/codeg-ios/codeg-ios/simbuild/Build/Intermediates.noindex/CodegiOS.build/Release-iphonesimulator/CodegiOS.build/assetcatalog_output/thinned (in target 'CodegiOS' from project 'CodegiOS')
    cd /Users/runner/work/codeg-ios/codeg-ios
    /bin/mkdir -p /Users/runner/work/codeg-ios/codeg-ios/simbuild/Build/Intermediates.noindex/CodegiOS.build/Release-iphonesimulator/CodegiOS.build/assetcatalog_output/thinned

Copy /Users/runner/work/codeg-ios/codeg-ios/simbuild/Build/Products/Release-iphonesimulator/Codeg.app/SwiftTerm_SwiftTerm.bundle /Users/runner/work/codeg-ios/codeg-ios/simbuild/Build/Products/Release-iphonesimulator/SwiftTerm_SwiftTerm.bundle (in target 'CodegiOS' from project 'CodegiOS')
    cd /Users/runner/work/codeg-ios/codeg-ios
    builtin-copy -exclude .DS_Store -exclude CVS -exclude .svn -exclude .git -exclude .hg -resolve-src-symlinks /Users/runner/work/codeg-ios/codeg-ios/simbuild/Build/Products/Release-iphonesimulator/SwiftTerm_SwiftTerm.bundle /Users/runner/work/codeg-ios/codeg-ios/simbuild/Build/Products/Release-iphonesimulator/Codeg.app

CompileXCStrings /Users/runner/work/codeg-ios/codeg-ios/simbuild/Build/Intermediates.noindex/CodegiOS.build/Release-iphonesimulator/CodegiOS.build/ /Users/runner/work/codeg-ios/codeg-ios/CodegiOS/Resources/Localizable.xcstrings (in target 'CodegiOS' from project 'CodegiOS')
    cd /Users/runner/work/codeg-ios/codeg-ios
    /Applications/Xcode_26.6.app/Contents/Developer/usr/bin/xcstringstool compile --output-directory /Users/runner/work/codeg-ios/codeg-ios/simbuild/Build/Intermediates.noindex/CodegiOS.build/Release-iphonesimulator/CodegiOS.build /Users/runner/work/codeg-ios/codeg-ios/CodegiOS/Resources/Localizable.xcstrings

CompileAssetCatalogVariant thinned /Users/runner/work/codeg-ios/codeg-ios/simbuild/Build/Products/Release-iphonesimulator/Codeg.app /Users/runner/work/codeg-ios/codeg-ios/CodegiOS/Resources/AppIcon.icon /Users/runner/work/codeg-ios/codeg-ios/CodegiOS/Resources/Assets.xcassets (in target 'CodegiOS' from project 'CodegiOS')
    cd /Users/runner/work/codeg-ios/codeg-ios
    /Applications/Xcode_26.6.app/Contents/Developer/usr/bin/actool /Users/runner/work/codeg-ios/codeg-ios/CodegiOS/Resources/AppIcon.icon /Users/runner/work/codeg-ios/codeg-ios/CodegiOS/Resources/Assets.xcassets --compile /Users/runner/work/codeg-ios/codeg-ios/simbuild/Build/Intermediates.noindex/CodegiOS.build/Release-iphonesimulator/CodegiOS.build/assetcatalog_output/thinned --output-format human-readable-text --notices --warnings --export-dependency-info /Users/runner/work/codeg-ios/codeg-ios/simbuild/Build/Intermediates.noindex/CodegiOS.build/Release-iphonesimulator/CodegiOS.build/assetcatalog_dependencies_thinned --output-partial-info-plist /Users/runner/work/codeg-ios/codeg-ios/simbuild/Build/Intermediates.noindex/CodegiOS.build/Release-iphonesimulator/CodegiOS.build/assetcatalog_generated_info.plist_thinned --app-icon AppIcon --compress-pngs --enable-on-demand-resources YES --development-region en --target-device iphone --target-device ipad --minimum-deployment-target 16.0 --platform iphonesimulator
CoreSVG has logged an error. Set environment variable "CORESVG_VERBOSE" to learn more.
2026-09-24 04:48:28.318 AssetCatalogSimulatorAgent[7910:27625] The filter 'CIPortraitEffectSpillCorrection' is not implemented in the bundle at /Library/Developer/CoreSimulator/Volumes/iOS_23F77/Library/Developer/CoreSimulator/Profiles/Runtimes/iOS 26.5.simruntime/Contents/Resources/RuntimeRoot/System/Library/CoreImage/PortraitFilters.cifilter.
/* com.apple.actool.compilation-results */
/Users/runner/work/codeg-ios/codeg-ios/simbuild/Build/Intermediates.noindex/CodegiOS.build/Release-iphonesimulator/CodegiOS.build/assetcatalog_generated_info.plist_thinned
/Users/runner/work/codeg-ios/codeg-ios/simbuild/Build/Intermediates.noindex/CodegiOS.build/Release-iphonesimulator/CodegiOS.build/assetcatalog_output/thinned/AppIcon60x60@2x.png
/Users/runner/work/codeg-ios/codeg-ios/simbuild/Build/Intermediates.noindex/CodegiOS.build/Release-iphonesimulator/CodegiOS.build/assetcatalog_output/thinned/AppIcon76x76@2x~ipad.png
/Users/runner/work/codeg-ios/codeg-ios/simbuild/Build/Intermediates.noindex/CodegiOS.build/Release-iphonesimulator/CodegiOS.build/assetcatalog_output/thinned/Assets.car


CopyStringsFile /Users/runner/work/codeg-ios/codeg-ios/simbuild/Build/Products/Release-iphonesimulator/Codeg.app/zh-Hans.lproj/Localizable.strings /Users/runner/work/codeg-ios/codeg-ios/simbuild/Build/Intermediates.noindex/CodegiOS.build/Release-iphonesimulator/CodegiOS.build/zh-Hans.lproj/Localizable.strings (in target 'CodegiOS' from project 'CodegiOS')
    cd /Users/runner/work/codeg-ios/codeg-ios
    builtin-copyStrings --validate --outputencoding binary --outfilename Localizable.strings --outdir /Users/runner/work/codeg-ios/codeg-ios/simbuild/Build/Products/Release-iphonesimulator/Codeg.app/zh-Hans.lproj -- /Users/runner/work/codeg-ios/codeg-ios/simbuild/Build/Intermediates.noindex/CodegiOS.build/Release-iphonesimulator/CodegiOS.build/zh-Hans.lproj/Localizable.strings
/Users/runner/work/codeg-ios/codeg-ios/simbuild/Build/Intermediates.noindex/CodegiOS.build/Release-iphonesimulator/CodegiOS.build/zh-Hans.lproj/Localizable.strings:1:1: note: detected encoding of input file as Unicode (UTF-8) (in target 'CodegiOS' from project 'CodegiOS')

CopyStringsFile /Users/runner/work/codeg-ios/codeg-ios/simbuild/Build/Products/Release-iphonesimulator/Codeg.app/en.lproj/Localizable.stringsdict /Users/runner/work/codeg-ios/codeg-ios/simbuild/Build/Intermediates.noindex/CodegiOS.build/Release-iphonesimulator/CodegiOS.build/en.lproj/Localizable.stringsdict (in target 'CodegiOS' from project 'CodegiOS')
    cd /Users/runner/work/codeg-ios/codeg-ios
    builtin-copyStrings --validate --outputencoding binary --outfilename Localizable.stringsdict --outdir /Users/runner/work/codeg-ios/codeg-ios/simbuild/Build/Products/Release-iphonesimulator/Codeg.app/en.lproj -- /Users/runner/work/codeg-ios/codeg-ios/simbuild/Build/Intermediates.noindex/CodegiOS.build/Release-iphonesimulator/CodegiOS.build/en.lproj/Localizable.stringsdict
/Users/runner/work/codeg-ios/codeg-ios/simbuild/Build/Intermediates.noindex/CodegiOS.build/Release-iphonesimulator/CodegiOS.build/en.lproj/Localizable.stringsdict:1:1: note: detected encoding of input file as Unicode (UTF-8) (in target 'CodegiOS' from project 'CodegiOS')

CopyStringsFile /Users/runner/work/codeg-ios/codeg-ios/simbuild/Build/Products/Release-iphonesimulator/Codeg.app/en.lproj/Localizable.strings /Users/runner/work/codeg-ios/codeg-ios/simbuild/Build/Intermediates.noindex/CodegiOS.build/Release-iphonesimulator/CodegiOS.build/en.lproj/Localizable.strings (in target 'CodegiOS' from project 'CodegiOS')
    cd /Users/runner/work/codeg-ios/codeg-ios
    builtin-copyStrings --validate --outputencoding binary --outfilename Localizable.strings --outdir /Users/runner/work/codeg-ios/codeg-ios/simbuild/Build/Products/Release-iphonesimulator/Codeg.app/en.lproj -- /Users/runner/work/codeg-ios/codeg-ios/simbuild/Build/Intermediates.noindex/CodegiOS.build/Release-iphonesimulator/CodegiOS.build/en.lproj/Localizable.strings
/Users/runner/work/codeg-ios/codeg-ios/simbuild/Build/Intermediates.noindex/CodegiOS.build/Release-iphonesimulator/CodegiOS.build/en.lproj/Localizable.strings:1:1: note: detected encoding of input file as Unicode (UTF-8) (in target 'CodegiOS' from project 'CodegiOS')

SwiftDriver\ Compilation CodegiOS normal arm64 com.apple.xcode.tools.swift.compiler (in target 'CodegiOS' from project 'CodegiOS')
    cd /Users/runner/work/codeg-ios/codeg-ios
    builtin-Swift-Compilation -- /Applications/Xcode_26.6.app/Contents/Developer/Toolchains/XcodeDefault.xctoolchain/usr/bin/swiftc -module-name Codeg -O -whole-module-optimization @/Users/runner/work/codeg-ios/codeg-ios/simbuild/Build/Intermediates.noindex/CodegiOS.build/Release-iphonesimulator/CodegiOS.build/Objects-normal/arm64/Codeg.SwiftFileList -enable-bare-slash-regex -enable-experimental-feature DebugDescriptionMacro -sdk /Applications/Xcode_26.6.app/Contents/Developer/Platforms/iPhoneSimulator.platform/Developer/SDKs/iPhoneSimulator26.5.sdk -target arm64-apple-ios16.0-simulator -g -module-cache-path /Users/runner/work/codeg-ios/codeg-ios/simbuild/ModuleCache.noindex -Xfrontend -serialize-debugging-options -swift-version 5 -I /Users/runner/work/codeg-ios/codeg-ios/simbuild/Build/Products/Release-iphonesimulator -F /Users/runner/work/codeg-ios/codeg-ios/simbuild/Build/Products/Release-iphonesimulator/PackageFrameworks -F /Users/runner/work/codeg-ios/codeg-ios/simbuild/Build/Products/Release-iphonesimulator -c -num-threads 3 -Xcc -ivfsstatcache -Xcc /Users/runner/work/codeg-ios/codeg-ios/simbuild/SDKStatCaches.noindex/iphonesimulator26.5-23F81a-688ef53f1462e2c8f657fdc38a81448ff45c64a1807a658693f2a61704f17a36.sdkstatcache -output-file-map /Users/runner/work/codeg-ios/codeg-ios/simbuild/Build/Intermediates.noindex/CodegiOS.build/Release-iphonesimulator/CodegiOS.build/Objects-normal/arm64/CodegiOS-OutputFileMap.json -use-frontend-parseable-output -save-temps -no-color-diagnostics -explicit-module-build -module-cache-path /Users/runner/work/codeg-ios/codeg-ios/simbuild/Build/Intermediates.noindex/SwiftExplicitPrecompiledModules -clang-scanner-module-cache-path /Users/runner/work/codeg-ios/codeg-ios/simbuild/ModuleCache.noindex -sdk-module-cache-path /Users/runner/work/codeg-ios/codeg-ios/simbuild/ModuleCache.noindex -serialize-diagnostics -emit-dependencies -emit-module -emit-module-path /Users/runner/work/codeg-ios/codeg-ios/simbuild/Build/Intermediates.noindex/CodegiOS.build/Release-iphonesimulator/CodegiOS.build/Objects-normal/arm64/Codeg.swiftmodule -validate-clang-modules-once -clang-build-session-file /Users/runner/work/codeg-ios/codeg-ios/simbuild/ModuleCache.noindex/Session.modulevalidation -Xcc -I/Users/runner/work/codeg-ios/codeg-ios/simbuild/Build/Intermediates.noindex/CodegiOS.build/Release-iphonesimulator/CodegiOS.build/swift-overrides.hmap -emit-const-values -Xfrontend -const-gather-protocols-file -Xfrontend /Users/runner/work/codeg-ios/codeg-ios/simbuild/Build/Intermediates.noindex/CodegiOS.build/Release-iphonesimulator/CodegiOS.build/Objects-normal/arm64/CodegiOS_const_extract_protocols.json -Xcc -iquote -Xcc /Users/runner/work/codeg-ios/codeg-ios/simbuild/Build/Intermediates.noindex/CodegiOS.build/Release-iphonesimulator/CodegiOS.build/Codeg-generated-files.hmap -Xcc -I/Users/runner/work/codeg-ios/codeg-ios/simbuild/Build/Intermediates.noindex/CodegiOS.build/Release-iphonesimulator/CodegiOS.build/Codeg-own-target-headers.hmap -Xcc -I/Users/runner/work/codeg-ios/codeg-ios/simbuild/Build/Intermediates.noindex/CodegiOS.build/Release-iphonesimulator/CodegiOS.build/Codeg-all-non-framework-target-headers.hmap -Xcc -ivfsoverlay -Xcc /Users/runner/work/codeg-ios/codeg-ios/simbuild/Build/Intermediates.noindex/CodegiOS.build/Release-iphonesimulator/CodegiOS-d8c00a8ece3c619e25b91743c70f7b97-VFS-iphonesimulator/all-product-headers.yaml -Xcc -iquote -Xcc /Users/runner/work/codeg-ios/codeg-ios/simbuild/Build/Intermediates.noindex/CodegiOS.build/Release-iphonesimulator/CodegiOS.build/Codeg-project-headers.hmap -Xcc -I/Users/runner/work/codeg-ios/codeg-ios/simbuild/Build/Products/Release-iphonesimulator/include -Xcc -I/Users/runner/work/codeg-ios/codeg-ios/simbuild/Build/Intermediates.noindex/CodegiOS.build/Release-iphonesimulator/CodegiOS.build/DerivedSources-normal/arm64 -Xcc -I/Users/runner/work/codeg-ios/codeg-ios/simbuild/Build/Intermediates.noindex/CodegiOS.build/Release-iphonesimulator/CodegiOS.build/DerivedSources/arm64 -Xcc -I/Users/runner/work/codeg-ios/codeg-ios/simbuild/Build/Intermediates.noindex/CodegiOS.build/Release-iphonesimulator/CodegiOS.build/DerivedSources -emit-objc-header -emit-objc-header-path /Users/runner/work/codeg-ios/codeg-ios/simbuild/Build/Intermediates.noindex/CodegiOS.build/Release-iphonesimulator/CodegiOS.build/Objects-normal/arm64/Codeg-Swift.h -working-directory /Users/runner/work/codeg-ios/codeg-ios -no-emit-module-separately-wmo

SwiftExplicitDependencyGeneratePcm arm64 /Users/runner/work/codeg-ios/codeg-ios/simbuild/ModuleCache.noindex/_AvailabilityInternal-B9AXYBVF97EV18WAUWAZYV4ZG.pcm

SwiftExplicitDependencyGeneratePcm arm64 /Users/runner/work/codeg-ios/codeg-ios/simbuild/ModuleCache.noindex/_Builtin_stdarg-OVBN5PNG2B6VT0BD0SJ94QEP.pcm

SwiftExplicitDependencyGeneratePcm arm64 /Users/runner/work/codeg-ios/codeg-ios/simbuild/ModuleCache.noindex/DeveloperToolsSupport-1QHGJTY5SPTAWW9UEB8QJ12TT.pcm

SwiftExplicitDependencyGeneratePcm arm64 /Users/runner/work/codeg-ios/codeg-ios/simbuild/ModuleCache.noindex/_Builtin_stdbool-F28T28Y81AM97SWSKRBDQE1F6.pcm

SwiftExplicitDependencyGeneratePcm arm64 /Users/runner/work/codeg-ios/codeg-ios/simbuild/ModuleCache.noindex/_Builtin_stddef-7YFOBO38PRQEHYWTP8JVZI1NK.pcm

SwiftExplicitDependencyGeneratePcm arm64 /Users/runner/work/codeg-ios/codeg-ios/simbuild/ModuleCache.noindex/_SwiftConcurrencyShims-6WR1SCITUUGTLLU0GEUSRPAXB.pcm

SwiftExplicitDependencyGeneratePcm arm64 /Users/runner/work/codeg-ios/codeg-ios/simbuild/ModuleCache.noindex/SwiftShims-3PT1KC24LQR4LX61A18M2BH94.pcm

SwiftExplicitDependencyGeneratePcm arm64 /Users/runner/work/codeg-ios/codeg-ios/simbuild/ModuleCache.noindex/_Builtin_float-D1THOR0HS1TDBN4A3DQBB473.pcm

SwiftExplicitDependencyGeneratePcm arm64 /Users/runner/work/codeg-ios/codeg-ios/simbuild/ModuleCache.noindex/ptrauth-7V6N6AZS8Q9WEKDO6YJL3XZ84.pcm

SwiftExplicitDependencyGeneratePcm arm64 /Users/runner/work/codeg-ios/codeg-ios/simbuild/ModuleCache.noindex/ptrcheck-5VYZ81O3KMF5HUA5PIDNB8IB5.pcm

SwiftExplicitDependencyGeneratePcm arm64 /Users/runner/work/codeg-ios/codeg-ios/simbuild/ModuleCache.noindex/_DarwinFoundation1-41447JUOM20JT5OBRXY13QFAX.pcm

SwiftExplicitDependencyGeneratePcm arm64 /Users/runner/work/codeg-ios/codeg-ios/simbuild/ModuleCache.noindex/ExtensionFoundation-6I8E7NJV45D6AFH2A20YLA043.pcm

SwiftExplicitDependencyGeneratePcm arm64 /Users/runner/work/codeg-ios/codeg-ios/simbuild/ModuleCache.noindex/_DarwinFoundation2-6S4TDK8QEAQK3QF2KZM4MOPQV.pcm

SwiftExplicitDependencyGeneratePcm arm64 /Users/runner/work/codeg-ios/codeg-ios/simbuild/ModuleCache.noindex/_Builtin_limits-BKE6VDXS3Q92RVN6MY90UVXGA.pcm

SwiftExplicitDependencyGeneratePcm arm64 /Users/runner/work/codeg-ios/codeg-ios/simbuild/ModuleCache.noindex/_Builtin_tgmath-4F0X3D4AVK8W9VM4VCL08HEGK.pcm

SwiftExplicitDependencyGeneratePcm arm64 /Users/runner/work/codeg-ios/codeg-ios/simbuild/ModuleCache.noindex/sys_types-AB19Q244GYOG3OQGJG6FUX2HN.pcm

SwiftExplicitDependencyGeneratePcm arm64 /Users/runner/work/codeg-ios/codeg-ios/simbuild/ModuleCache.noindex/_Builtin_stdint-DC8AHGJYHF0RBQV90RJCJPUUQ.pcm

SwiftExplicitDependencyGeneratePcm arm64 /Users/runner/work/codeg-ios/codeg-ios/simbuild/ModuleCache.noindex/_Builtin_stdatomic-1997A31U1NOWLBZC10JQW2JSD.pcm

SwiftExplicitDependencyGeneratePcm arm64 /Users/runner/work/codeg-ios/codeg-ios/simbuild/ModuleCache.noindex/_DarwinFoundation3-B8Q46SZ4A8WN592VU238AHYAT.pcm

SwiftExplicitDependencyGeneratePcm arm64 /Users/runner/work/codeg-ios/codeg-ios/simbuild/ModuleCache.noindex/_Builtin_intrinsics-90V7NBNW1PDUW4YIHYNBNER80.pcm

SwiftExplicitDependencyGeneratePcm arm64 /Users/runner/work/codeg-ios/codeg-ios/simbuild/ModuleCache.noindex/_Builtin_inttypes-4S145588S8AFBX9F8MUS8HSGE.pcm

SwiftExplicitDependencyGeneratePcm arm64 /Users/runner/work/codeg-ios/codeg-ios/simbuild/ModuleCache.noindex/Darwin-BHO1QDVNWXF6MPID7WN13O1ZR.pcm

SwiftExplicitDependencyGeneratePcm arm64 /Users/runner/work/codeg-ios/codeg-ios/simbuild/ModuleCache.noindex/simd-3FED1JF4QDOZ84RN7JSC4VFOD.pcm

SwiftExplicitDependencyGeneratePcm arm64 /Users/runner/work/codeg-ios/codeg-ios/simbuild/ModuleCache.noindex/Compression-4OQRTRYMDSPOJ2ZZJ7O7DJCIW.pcm

SwiftExplicitDependencyGeneratePcm arm64 /Users/runner/work/codeg-ios/codeg-ios/simbuild/ModuleCache.noindex/ObjectiveC-DR9F9TNYO7DDEDYVFPH2ROZIU.pcm

SwiftExplicitDependencyGeneratePcm arm64 /Users/runner/work/codeg-ios/codeg-ios/simbuild/ModuleCache.noindex/MachO-EMP7BC888AMGFYHPLGLDCHJOO.pcm

SwiftExplicitDependencyGeneratePcm arm64 /Users/runner/work/codeg-ios/codeg-ios/simbuild/ModuleCache.noindex/Spatial-BGIY419XGHQFWVT27210L0VJ.pcm

SwiftExplicitDependencyGeneratePcm arm64 /Users/runner/work/codeg-ios/codeg-ios/simbuild/ModuleCache.noindex/os_object-4CRLLJWGXNY1FNNDIYPU1D8GV.pcm

SwiftExplicitDependencyGeneratePcm arm64 /Users/runner/work/codeg-ios/codeg-ios/simbuild/ModuleCache.noindex/os_workgroup-1I85JR39LCC68563LH71X6M41.pcm

SwiftExplicitDependencyGeneratePcm arm64 /Users/runner/work/codeg-ios/codeg-ios/simbuild/ModuleCache.noindex/Dispatch-1NHW8VB2YI6K60WJ2IWDIYME.pcm

SwiftExplicitDependencyGeneratePcm arm64 /Users/runner/work/codeg-ios/codeg-ios/simbuild/ModuleCache.noindex/CoreFoundation-419B07YY5P4XCNUNXE26JY7XE.pcm

SwiftExplicitDependencyGeneratePcm arm64 /Users/runner/work/codeg-ios/codeg-ios/simbuild/ModuleCache.noindex/dnssd-B89N4IO37H2YOJYNXS5NAX44M.pcm

SwiftExplicitDependencyGeneratePcm arm64 /Users/runner/work/codeg-ios/codeg-ios/simbuild/ModuleCache.noindex/XPC-C4HPDQ67WLG5347VBGS246Q8E.pcm

SwiftExplicitDependencyGeneratePcm arm64 /Users/runner/work/codeg-ios/codeg-ios/simbuild/ModuleCache.noindex/os-60HM04SMKGZ7A70Q84V13SH5F.pcm

SwiftExplicitDependencyGeneratePcm arm64 /Users/runner/work/codeg-ios/codeg-ios/simbuild/ModuleCache.noindex/Security-3VHXQFZQQGJ6NEB3APDCLMAET.pcm

SwiftExplicitDependencyGeneratePcm arm64 /Users/runner/work/codeg-ios/codeg-ios/simbuild/ModuleCache.noindex/CoreAudioTypes-BF8RQQNXO7JTXFB93U87N81VM.pcm

SwiftExplicitDependencyGeneratePcm arm64 /Users/runner/work/codeg-ios/codeg-ios/simbuild/ModuleCache.noindex/CFNetwork-3FIQUIO50LYCK6PYJI4N9RUII.pcm

SwiftExplicitDependencyGeneratePcm arm64 /Users/runner/work/codeg-ios/codeg-ios/simbuild/ModuleCache.noindex/CoreAudio-5EE5SX1YNZXABVQUUQYC5FA51.pcm

SwiftExplicitDependencyGeneratePcm arm64 /Users/runner/work/codeg-ios/codeg-ios/simbuild/ModuleCache.noindex/CoreGraphics-406M1QBAGFAYSETJ1PNP4PMWA.pcm

SwiftExplicitDependencyGeneratePcm arm64 /Users/runner/work/codeg-ios/codeg-ios/simbuild/ModuleCache.noindex/Foundation-CTUH2TKU4MRFE4DRP75656IJB.pcm

SwiftExplicitDependencyGeneratePcm arm64 /Users/runner/work/codeg-ios/codeg-ios/simbuild/ModuleCache.noindex/CoreText-CUKMUU6A86SO1LP5I881LXJ99.pcm

SwiftExplicitDependencyGeneratePcm arm64 /Users/runner/work/codeg-ios/codeg-ios/simbuild/ModuleCache.noindex/ImageIO-1YLGIP9J7RPNF2SMO7CYNEXB9.pcm

SwiftExplicitDependencyGeneratePcm arm64 /Users/runner/work/codeg-ios/codeg-ios/simbuild/ModuleCache.noindex/UserNotifications-10U0UXGP1VHM2H1EHMCC5EO9N.pcm

SwiftExplicitDependencyGeneratePcm arm64 /Users/runner/work/codeg-ios/codeg-ios/simbuild/ModuleCache.noindex/ModelIO-ZM6VRL44NL0X0EC9P7EOO948.pcm

SwiftExplicitDependencyGeneratePcm arm64 /Users/runner/work/codeg-ios/codeg-ios/simbuild/ModuleCache.noindex/Network-9W1MH2K0XTC5C4T3IRR5LUUAW.pcm

SwiftExplicitDependencyGeneratePcm arm64 /Users/runner/work/codeg-ios/codeg-ios/simbuild/ModuleCache.noindex/IOSurface-7TYFA2Y5X8XGSHKESQAG9JLC1.pcm

SwiftExplicitDependencyGeneratePcm arm64 /Users/runner/work/codeg-ios/codeg-ios/simbuild/ModuleCache.noindex/Symbols-3V8HYXSF3SLYVLBA6D5GJFUYN.pcm

SwiftExplicitDependencyGeneratePcm arm64 /Users/runner/work/codeg-ios/codeg-ios/simbuild/ModuleCache.noindex/UIUtilities-C4FSK4IHNB93ZQFEUN28IAG48.pcm

SwiftExplicitDependencyGeneratePcm arm64 /Users/runner/work/codeg-ios/codeg-ios/simbuild/ModuleCache.noindex/CoreData-525GAYFJ3JRJ85578ZHJOIVVI.pcm

SwiftExplicitDependencyGeneratePcm arm64 /Users/runner/work/codeg-ios/codeg-ios/simbuild/ModuleCache.noindex/DataDetection-733PFON5Q4X481VTWJT68MOII.pcm

SwiftExplicitDependencyGeneratePcm arm64 /Users/runner/work/codeg-ios/codeg-ios/simbuild/ModuleCache.noindex/FileProvider-4HR3MD8DX3VW639RJDGPFCN8R.pcm

SwiftExplicitDependencyGeneratePcm arm64 /Users/runner/work/codeg-ios/codeg-ios/simbuild/ModuleCache.noindex/OpenGLES-AP779SFOHQ1MSJIHF1GYKYO6F.pcm

SwiftExplicitDependencyGeneratePcm arm64 /Users/runner/work/codeg-ios/codeg-ios/simbuild/ModuleCache.noindex/CoreTransferable-ATKP12IL5EFY1UCBQJQA1G9Y4.pcm

SwiftExplicitDependencyGeneratePcm arm64 /Users/runner/work/codeg-ios/codeg-ios/simbuild/ModuleCache.noindex/Metal-AI14LMBBOFAQM2EN0Q4NO13QQ.pcm

SwiftExplicitDependencyGeneratePcm arm64 /Users/runner/work/codeg-ios/codeg-ios/simbuild/ModuleCache.noindex/OSLog-5Q3EB522UJU155FYOL3HM0SS0.pcm

SwiftExplicitDependencyGeneratePcm arm64 /Users/runner/work/codeg-ios/codeg-ios/simbuild/ModuleCache.noindex/CoreMIDI-2QP15C7A9SHB5G57QQVJ2GH0H.pcm

SwiftExplicitDependencyGeneratePcm arm64 /Users/runner/work/codeg-ios/codeg-ios/simbuild/ModuleCache.noindex/Accessibility-2G5ILNUO1034KH1MNV9TQIU6M.pcm

SwiftExplicitDependencyGeneratePcm arm64 /Users/runner/work/codeg-ios/codeg-ios/simbuild/ModuleCache.noindex/AudioToolbox-CEZL5QT5W9P7V15W41FHYS019.pcm

SwiftExplicitDependencyGeneratePcm arm64 /Users/runner/work/codeg-ios/codeg-ios/simbuild/ModuleCache.noindex/CoreVideo-CCDIZA4IAWN8TN6NRO13O7TH0.pcm

SwiftExplicitDependencyGeneratePcm arm64 /Users/runner/work/codeg-ios/codeg-ios/simbuild/ModuleCache.noindex/UniformTypeIdentifiers-AZMVLPBGULA5B9SF7ZKCYQG4Q.pcm

SwiftExplicitDependencyGeneratePcm arm64 /Users/runner/work/codeg-ios/codeg-ios/simbuild/ModuleCache.noindex/_LocationEssentials-7HAYVXCIMNWLR3V131TQ644RX.pcm

SwiftExplicitDependencyGeneratePcm arm64 /Users/runner/work/codeg-ios/codeg-ios/simbuild/ModuleCache.noindex/CoreMedia-71MXX8IT4D0CUUWTSU8F937ZZ.pcm

SwiftExplicitDependencyGeneratePcm arm64 /Users/runner/work/codeg-ios/codeg-ios/simbuild/ModuleCache.noindex/CoreImage-1AOTM5HW7V0KV3VTO5F70LT3R.pcm

SwiftExplicitDependencyGeneratePcm arm64 /Users/runner/work/codeg-ios/codeg-ios/simbuild/ModuleCache.noindex/CoreLocation-6C116V0DSZYD8CBPRO7UHR0S1.pcm

SwiftExplicitDependencyGeneratePcm arm64 /Users/runner/work/codeg-ios/codeg-ios/simbuild/ModuleCache.noindex/QuartzCore-3NCBEHUJABMDZK7H207NXU290.pcm

SwiftExplicitDependencyGeneratePcm arm64 /Users/runner/work/codeg-ios/codeg-ios/simbuild/ModuleCache.noindex/MediaToolbox-AAKX3VGFX5B78SJZ61SHNVCFT.pcm

SwiftExplicitDependencyGeneratePcm arm64 /Users/runner/work/codeg-ios/codeg-ios/simbuild/ModuleCache.noindex/AVFAudio-1I5GVDF6CY4IXC1DWOPN1PUTP.pcm

SwiftExplicitDependencyGeneratePcm arm64 /Users/runner/work/codeg-ios/codeg-ios/simbuild/ModuleCache.noindex/UIKit-9SOKXXZOKCRL0YURS49RQJ9N.pcm

SwiftExplicitDependencyGeneratePcm arm64 /Users/runner/work/codeg-ios/codeg-ios/simbuild/ModuleCache.noindex/SwiftUICore-BEWZ6Q2Q3XUDFDEOHE8JQ0A2T.pcm

SwiftExplicitDependencyGeneratePcm arm64 /Users/runner/work/codeg-ios/codeg-ios/simbuild/ModuleCache.noindex/AVRouting-C7J37V8JN9UJAS8XF8SIEJL2N.pcm

SwiftExplicitDependencyGeneratePcm arm64 /Users/runner/work/codeg-ios/codeg-ios/simbuild/ModuleCache.noindex/AVFoundation-6GYLHGTDAIB83UYAGJW3MR8H1.pcm

SwiftExplicitDependencyGeneratePcm arm64 /Users/runner/work/codeg-ios/codeg-ios/simbuild/ModuleCache.noindex/Photos-BCD6X32UNPAYPMZAVWU6GNWHJ.pcm

SwiftExplicitDependencyGeneratePcm arm64 /Users/runner/work/codeg-ios/codeg-ios/simbuild/ModuleCache.noindex/SwiftUI-8H35PMCX95FBLVOYP6L6O9MHO.pcm

SwiftExplicitDependencyGeneratePcm arm64 /Users/runner/work/codeg-ios/codeg-ios/simbuild/ModuleCache.noindex/MetalKit-837GT2OTRLF3KD3GCY58JV7CW.pcm

SwiftExplicitDependencyGeneratePcm arm64 /Users/runner/work/codeg-ios/codeg-ios/simbuild/ModuleCache.noindex/PhotosUI-3T50DUFEWOA28LQ5VTKV32TW3.pcm

SwiftCompile normal arm64 Compiling\ APIError.swift,\ AboutView.swift,\ AcpEvent.swift,\ ActivityModel.swift,\ ActivityView.swift,\ AgentConfig.swift,\ AgentConfigCursor.swift,\ AgentConfigCursorView.swift,\ AgentConfigHermes.swift,\ AgentConfigKimi.swift,\ AgentConfigKimiView.swift,\ AgentConfigOpenCode.swift,\ AgentConfigPi.swift,\ AgentConfigPiView.swift,\ AgentConfigSections.swift,\ AgentConfigTOML.swift,\ AgentDetailView.swift,\ AgentIcon.swift,\ AgentManagement.swift,\ AgentOptions.swift,\ AgentOptionsButton.swift,\ AgentOptionsModel.swift,\ AgentSkill.swift,\ AgentType.swift,\ AgentVersionCheck.swift,\ AgentsSettingsModel.swift,\ AgentsSettingsView.swift,\ AnyJSON.swift,\ AppLanguage.swift,\ AppModel.swift,\ Appearance.swift,\ AppearanceSettingsView.swift,\ AskQuestionCard.swift,\ AskQuestionResult.swift,\ AskQuestionResultCard.swift,\ Attachment.swift,\ AttachmentChipsView.swift,\ AttachmentPickers.swift,\ Badges.swift,\ Binding+Presenting.swift,\ BranchPickerView.swift,\ ChatChannel.swift,\ ChatChannelDetailView.swift,\ ChatChannelEditorSheet.swift,\ ChatChannelsSettingsModel.swift,\ ChatChannelsSettingsView.swift,\ ChatGlobalSettingsView.swift,\ CloneRepoView.swift,\ CodeBlockView.swift,\ CodegBackground.swift,\ CodegClient+Folders.swift,\ CodegClient+Settings.swift,\ CodegClient+Terminal.swift,\ CodegClient.swift,\ CodegiOSApp.swift,\ CommitSheet.swift,\ CompanionTools.swift,\ Compat.swift,\ ComposeBar.swift,\ ComposeInsertModel.swift,\ ComposeInsertSheet.swift,\ ComposeInserts.swift,\ ContentBlockView.swift,\ ContextCompaction.swift,\ Conversation.swift,\ DelegationCardViews.swift,\ DelegationModel.swift,\ DiffView.swift,\ DirectoryBrowserView.swift,\ DirectoryEntry.swift,\ EventStream.swift,\ ExpertDetailView.swift,\ ExpertStatus.swift,\ ExpertsSettingsModel.swift,\ ExpertsSettingsView.swift,\ FolderChangesView.swift,\ FolderCommitsView.swift,\ FolderFilesView.swift,\ FolderGitModel.swift,\ FolderTerminalView.swift,\ FolderVisibility.swift,\ FormComponents.swift,\ Formatters.swift,\ GeneralSettingsModel.swift,\ GeneralSettingsView.swift,\ GitCredentialSheet.swift,\ GitHistory.swift,\ GitHubAccountEditorSheet.swift,\ GitSettings.swift,\ GlassComponents.swift,\ Haptics.swift,\ InteractiveRequests.swift,\ JSONCoding.swift,\ Keychain.swift,\ LanguageSettingsView.swift,\ LivePlanView.swift,\ LiveTurn.swift,\ MainThreadSampler.swift,\ MarkdownContent.swift,\ MarkdownText.swift,\ McpModels.swift,\ McpServerEditorSheet.swift,\ McpSettingsModel.swift,\ McpSettingsView.swift,\ Message.swift,\ ModelProvider.swift,\ ModelProviderEditorSheet.swift,\ ModelProvidersSettingsModel.swift,\ ModelProvidersSettingsView.swift,\ OnboardingView.swift,\ PermissionRequestCard.swift,\ PlanApprovalCard.swift,\ PlanChecklist.swift,\ ProjectDetailView.swift,\ ProjectListView.swift,\ QRScannerView.swift,\ QuickMessageEditorSheet.swift,\ QuickMessagesSettingsModel.swift,\ QuickMessagesSettingsView.swift,\ ReproHooks.swift,\ RootView.swift,\ Route.swift,\ ScrollMetrics.swift,\ SearchView.swift,\ SecretField.swift,\ SelectorPrefsStore.swift,\ ServerEditorModel.swift,\ ServerEditorSheet.swift,\ ServerListView.swift,\ ServerProfile.swift,\ ServerStatusModel.swift,\ ServerStore.swift,\ SessionDetailView.swift,\ SessionDetailViewModel.swift,\ SessionHeaderView.swift,\ SessionListView.swift,\ SessionListViewModel.swift,\ SessionRow.swift,\ SessionSectionCard.swift,\ SettingsLeaf.swift,\ SettingsRow.swift,\ SettingsView.swift,\ SkillEditorSheet.swift,\ SkillsSettingsModel.swift,\ SkillsSettingsView.swift,\ StateViews.swift,\ SystemSettings.swift,\ SystemSettingsModel.swift,\ SystemSettingsView.swift,\ TaskListCard.swift,\ TaskOp.swift,\ TerminalKeyBar.swift,\ TerminalSession.swift,\ TerminalSocket.swift,\ Theme.swift,\ TimelineNode.swift,\ TimelineNodeBody.swift,\ TimelineRail.swift,\ ToolCallVM.swift,\ ToolCallView.swift,\ ToolValueFormat.swift,\ TranscriptView.swift,\ UnifiedDiff.swift,\ VersionControlSettingsModel.swift,\ VersionControlSettingsView.swift,\ WeixinQRView.swift,\ WireRequests+Settings.swift,\ WireRequests.swift /Users/runner/work/codeg-ios/codeg-ios/CodegiOS/Networking/APIError.swift /Users/runner/work/codeg-ios/codeg-ios/CodegiOS/Features/Settings/AboutView.swift /Users/runner/work/codeg-ios/codeg-ios/CodegiOS/Models/AcpEvent.swift /Users/runner/work/codeg-ios/codeg-ios/CodegiOS/Features/Activity/ActivityModel.swift /Users/runner/work/codeg-ios/codeg-ios/CodegiOS/Features/Activity/ActivityView.swift /Users/runner/work/codeg-ios/codeg-ios/CodegiOS/Models/AgentConfig.swift /Users/runner/work/codeg-ios/codeg-ios/CodegiOS/Models/AgentConfigCursor.swift /Users/runner/work/codeg-ios/codeg-ios/CodegiOS/Features/Settings/Agents/AgentConfigCursorView.swift /Users/runner/work/codeg-ios/codeg-ios/CodegiOS/Features/Settings/Agents/AgentConfigHermes.swift /Users/runner/work/codeg-ios/codeg-ios/CodegiOS/Models/AgentConfigKimi.swift /Users/runner/work/codeg-ios/codeg-ios/CodegiOS/Features/Settings/Agents/AgentConfigKimiView.swift /Users/runner/work/codeg-ios/codeg-ios/CodegiOS/Features/Settings/Agents/AgentConfigOpenCode.swift /Users/runner/work/codeg-ios/codeg-ios/CodegiOS/Models/AgentConfigPi.swift /Users/runner/work/codeg-ios/codeg-ios/CodegiOS/Features/Settings/Agents/AgentConfigPiView.swift /Users/runner/work/codeg-ios/codeg-ios/CodegiOS/Features/Settings/Agents/AgentConfigSections.swift /Users/runner/work/codeg-ios/codeg-ios/CodegiOS/Models/AgentConfigTOML.swift /Users/runner/work/codeg-ios/codeg-ios/CodegiOS/Features/Settings/Agents/AgentDetailView.swift /Users/runner/work/codeg-ios/codeg-ios/CodegiOS/DesignSystem/AgentIcon.swift /Users/runner/work/codeg-ios/codeg-ios/CodegiOS/Models/AgentManagement.swift /Users/runner/work/codeg-ios/codeg-ios/CodegiOS/Models/AgentOptions.swift /Users/runner/work/codeg-ios/codeg-ios/CodegiOS/Features/SessionDetail/AgentOptionsButton.swift /Users/runner/work/codeg-ios/codeg-ios/CodegiOS/Features/SessionDetail/AgentOptionsModel.swift /Users/runner/work/codeg-ios/codeg-ios/CodegiOS/Models/AgentSkill.swift /Users/runner/work/codeg-ios/codeg-ios/CodegiOS/Models/AgentType.swift /Users/runner/work/codeg-ios/codeg-ios/CodegiOS/Models/AgentVersionCheck.swift /Users/runner/work/codeg-ios/codeg-ios/CodegiOS/Features/Settings/Agents/AgentsSettingsModel.swift /Users/runner/work/codeg-ios/codeg-ios/CodegiOS/Features/Settings/Agents/AgentsSettingsView.swift /Users/runner/work/codeg-ios/codeg-ios/CodegiOS/Models/AnyJSON.swift /Users/runner/work/codeg-ios/codeg-ios/CodegiOS/DesignSystem/AppLanguage.swift /Users/runner/work/codeg-ios/codeg-ios/CodegiOS/App/AppModel.swift /Users/runner/work/codeg-ios/codeg-ios/CodegiOS/DesignSystem/Appearance.swift /Users/runner/work/codeg-ios/codeg-ios/CodegiOS/Features/Settings/Appearance/AppearanceSettingsView.swift /Users/runner/work/codeg-ios/codeg-ios/CodegiOS/Features/SessionDetail/Interactive/AskQuestionCard.swift /Users/runner/work/codeg-ios/codeg-ios/CodegiOS/Features/SessionDetail/Rendering/Companion/AskQuestionResult.swift /Users/runner/work/codeg-ios/codeg-ios/CodegiOS/Features/SessionDetail/Rendering/Companion/AskQuestionResultCard.swift /Users/runner/work/codeg-ios/codeg-ios/CodegiOS/Features/SessionDetail/Attachment.swift /Users/runner/work/codeg-ios/codeg-ios/CodegiOS/Features/SessionDetail/AttachmentChipsView.swift /Users/runner/work/codeg-ios/codeg-ios/CodegiOS/Features/SessionDetail/AttachmentPickers.swift /Users/runner/work/codeg-ios/codeg-ios/CodegiOS/DesignSystem/Badges.swift /Users/runner/work/codeg-ios/codeg-ios/CodegiOS/DesignSystem/Binding+Presenting.swift /Users/runner/work/codeg-ios/codeg-ios/CodegiOS/Features/SessionDetail/BranchPickerView.swift /Users/runner/work/codeg-ios/codeg-ios/CodegiOS/Models/ChatChannel.swift /Users/runner/work/codeg-ios/codeg-ios/CodegiOS/Features/Settings/ChatChannels/ChatChannelDetailView.swift /Users/runner/work/codeg-ios/codeg-ios/CodegiOS/Features/Settings/ChatChannels/ChatChannelEditorSheet.swift /Users/runner/work/codeg-ios/codeg-ios/CodegiOS/Features/Settings/ChatChannels/ChatChannelsSettingsModel.swift /Users/runner/work/codeg-ios/codeg-ios/CodegiOS/Features/Settings/ChatChannels/ChatChannelsSettingsView.swift /Users/runner/work/codeg-ios/codeg-ios/CodegiOS/Features/Settings/ChatChannels/ChatGlobalSettingsView.swift /Users/runner/work/codeg-ios/codeg-ios/CodegiOS/Features/Projects/CloneRepoView.swift /Users/runner/work/codeg-ios/codeg-ios/CodegiOS/Features/SessionDetail/Rendering/CodeBlockView.swift /Users/runner/work/codeg-ios/codeg-ios/CodegiOS/DesignSystem/CodegBackground.swift /Users/runner/work/codeg-ios/codeg-ios/CodegiOS/Networking/CodegClient+Folders.swift /Users/runner/work/codeg-ios/codeg-ios/CodegiOS/Networking/CodegClient+Settings.swift /Users/runner/work/codeg-ios/codeg-ios/CodegiOS/Networking/CodegClient+Terminal.swift /Users/runner/work/codeg-ios/codeg-ios/CodegiOS/Networking/CodegClient.swift /Users/runner/work/codeg-ios/codeg-ios/CodegiOS/App/CodegiOSApp.swift /Users/runner/work/codeg-ios/codeg-ios/CodegiOS/Features/Projects/CommitSheet.swift /Users/runner/work/codeg-ios/codeg-ios/CodegiOS/Features/SessionDetail/Rendering/Companion/CompanionTools.swift /Users/runner/work/codeg-ios/codeg-ios/CodegiOS/DesignSystem/Compat.swift /Users/runner/work/codeg-ios/codeg-ios/CodegiOS/Features/SessionDetail/ComposeBar.swift /Users/runner/work/codeg-ios/codeg-ios/CodegiOS/Features/SessionDetail/ComposeInsertModel.swift /Users/runner/work/codeg-ios/codeg-ios/CodegiOS/Features/SessionDetail/ComposeInsertSheet.swift /Users/runner/work/codeg-ios/codeg-ios/CodegiOS/Models/ComposeInserts.swift /Users/runner/work/codeg-ios/codeg-ios/CodegiOS/Features/SessionDetail/ContentBlockView.swift /Users/runner/work/codeg-ios/codeg-ios/CodegiOS/Features/SessionDetail/Rendering/ContextCompaction.swift /Users/runner/work/codeg-ios/codeg-ios/CodegiOS/Models/Conversation.swift /Users/runner/work/codeg-ios/codeg-ios/CodegiOS/Features/SessionDetail/Rendering/Companion/DelegationCardViews.swift /Users/runner/work/codeg-ios/codeg-ios/CodegiOS/Features/SessionDetail/Rendering/Companion/DelegationModel.swift /Users/runner/work/codeg-ios/codeg-ios/CodegiOS/Features/SessionDetail/Rendering/DiffView.swift /Users/runner/work/codeg-ios/codeg-ios/CodegiOS/Features/Projects/DirectoryBrowserView.swift /Users/runner/work/codeg-ios/codeg-ios/CodegiOS/Models/DirectoryEntry.swift /Users/runner/work/codeg-ios/codeg-ios/CodegiOS/Networking/EventStream.swift /Users/runner/work/codeg-ios/codeg-ios/CodegiOS/Features/Settings/Experts/ExpertDetailView.swift /Users/runner/work/codeg-ios/codeg-ios/CodegiOS/Models/ExpertStatus.swift /Users/runner/work/codeg-ios/codeg-ios/CodegiOS/Features/Settings/Experts/ExpertsSettingsModel.swift /Users/runner/work/codeg-ios/codeg-ios/CodegiOS/Features/Settings/Experts/ExpertsSettingsView.swift /Users/runner/work/codeg-ios/codeg-ios/CodegiOS/Features/Projects/FolderChangesView.swift /Users/runner/work/codeg-ios/codeg-ios/CodegiOS/Features/Projects/FolderCommitsView.swift /Users/runner/work/codeg-ios/codeg-ios/CodegiOS/Features/Projects/FolderFilesView.swift /Users/runner/work/codeg-ios/codeg-ios/CodegiOS/Features/Projects/FolderGitModel.swift /Users/runner/work/codeg-ios/codeg-ios/CodegiOS/Features/Projects/Terminal/FolderTerminalView.swift /Users/runner/work/codeg-ios/codeg-ios/CodegiOS/Models/FolderVisibility.swift /Users/runner/work/codeg-ios/codeg-ios/CodegiOS/DesignSystem/FormComponents.swift /Users/runner/work/codeg-ios/codeg-ios/CodegiOS/Features/SessionDetail/Formatters.swift /Users/runner/work/codeg-ios/codeg-ios/CodegiOS/Features/Settings/General/GeneralSettingsModel.swift /Users/runner/work/codeg-ios/codeg-ios/CodegiOS/Features/Settings/General/GeneralSettingsView.swift /Users/runner/work/codeg-ios/codeg-ios/CodegiOS/Features/Projects/GitCredentialSheet.swift /Users/runner/work/codeg-ios/codeg-ios/CodegiOS/Models/GitHistory.swift /Users/runner/work/codeg-ios/codeg-ios/CodegiOS/Features/Settings/VersionControl/GitHubAccountEditorSheet.swift /Users/runner/work/codeg-ios/codeg-ios/CodegiOS/Models/GitSettings.swift /Users/runner/work/codeg-ios/codeg-ios/CodegiOS/DesignSystem/GlassComponents.swift /Users/runner/work/codeg-ios/codeg-ios/CodegiOS/DesignSystem/Haptics.swift /Users/runner/work/codeg-ios/codeg-ios/CodegiOS/Models/InteractiveRequests.swift /Users/runner/work/codeg-ios/codeg-ios/CodegiOS/Networking/JSONCoding.swift /Users/runner/work/codeg-ios/codeg-ios/CodegiOS/Persistence/Keychain.swift /Users/runner/work/codeg-ios/codeg-ios/CodegiOS/Features/Settings/Appearance/LanguageSettingsView.swift /Users/runner/work/codeg-ios/codeg-ios/CodegiOS/Features/SessionDetail/Interactive/LivePlanView.swift /Users/runner/work/codeg-ios/codeg-ios/CodegiOS/Features/SessionDetail/LiveTurn.swift /Users/runner/work/codeg-ios/codeg-ios/CodegiOS/Diagnostics/MainThreadSampler.swift /Users/runner/work/codeg-ios/codeg-ios/CodegiOS/Features/SessionDetail/Rendering/MarkdownContent.swift /Users/runner/work/codeg-ios/codeg-ios/CodegiOS/Features/SessionDetail/MarkdownText.swift /Users/runner/work/codeg-ios/codeg-ios/CodegiOS/Models/McpModels.swift /Users/runner/work/codeg-ios/codeg-ios/CodegiOS/Features/Settings/Mcp/McpServerEditorSheet.swift /Users/runner/work/codeg-ios/codeg-ios/CodegiOS/Features/Settings/Mcp/McpSettingsModel.swift /Users/runner/work/codeg-ios/codeg-ios/CodegiOS/Features/Settings/Mcp/McpSettingsView.swift /Users/runner/work/codeg-ios/codeg-ios/CodegiOS/Models/Message.swift /Users/runner/work/codeg-ios/codeg-ios/CodegiOS/Models/ModelProvider.swift /Users/runner/work/codeg-ios/codeg-ios/CodegiOS/Features/Settings/ModelProviders/ModelProviderEditorSheet.swift /Users/runner/work/codeg-ios/codeg-ios/CodegiOS/Features/Settings/ModelProviders/ModelProvidersSettingsModel.swift /Users/runner/work/codeg-ios/codeg-ios/CodegiOS/Features/Settings/ModelProviders/ModelProvidersSettingsView.swift /Users/runner/work/codeg-ios/codeg-ios/CodegiOS/Features/Onboarding/OnboardingView.swift /Users/runner/work/codeg-ios/codeg-ios/CodegiOS/Features/SessionDetail/Interactive/PermissionRequestCard.swift /Users/runner/work/codeg-ios/codeg-ios/CodegiOS/Features/SessionDetail/Interactive/PlanApprovalCard.swift /Users/runner/work/codeg-ios/codeg-ios/CodegiOS/Features/SessionDetail/Interactive/PlanChecklist.swift /Users/runner/work/codeg-ios/codeg-ios/CodegiOS/Features/Projects/ProjectDetailView.swift /Users/runner/work/codeg-ios/codeg-ios/CodegiOS/Features/Projects/ProjectListView.swift /Users/runner/work/codeg-ios/codeg-ios/CodegiOS/Features/Servers/QRScannerView.swift /Users/runner/work/codeg-ios/codeg-ios/CodegiOS/Features/Settings/QuickMessages/QuickMessageEditorSheet.swift /Users/runner/work/codeg-ios/codeg-ios/CodegiOS/Features/Settings/QuickMessages/QuickMessagesSettingsModel.swift /Users/runner/work/codeg-ios/codeg-ios/CodegiOS/Features/Settings/QuickMessages/QuickMessagesSettingsView.swift /Users/runner/work/codeg-ios/codeg-ios/CodegiOS/App/ReproHooks.swift /Users/runner/work/codeg-ios/codeg-ios/CodegiOS/App/RootView.swift /Users/runner/work/codeg-ios/codeg-ios/CodegiOS/App/Route.swift /Users/runner/work/codeg-ios/codeg-ios/CodegiOS/DesignSystem/ScrollMetrics.swift /Users/runner/work/codeg-ios/codeg-ios/CodegiOS/Features/Search/SearchView.swift /Users/runner/work/codeg-ios/codeg-ios/CodegiOS/DesignSystem/SecretField.swift /Users/runner/work/codeg-ios/codeg-ios/CodegiOS/Persistence/SelectorPrefsStore.swift /Users/runner/work/codeg-ios/codeg-ios/CodegiOS/Features/Servers/ServerEditorModel.swift /Users/runner/work/codeg-ios/codeg-ios/CodegiOS/Features/Servers/ServerEditorSheet.swift /Users/runner/work/codeg-ios/codeg-ios/CodegiOS/Features/Servers/ServerListView.swift /Users/runner/work/codeg-ios/codeg-ios/CodegiOS/Persistence/ServerProfile.swift /Users/runner/work/codeg-ios/codeg-ios/CodegiOS/Features/Servers/ServerStatusModel.swift /Users/runner/work/codeg-ios/codeg-ios/CodegiOS/Persistence/ServerStore.swift /Users/runner/work/codeg-ios/codeg-ios/CodegiOS/Features/SessionDetail/SessionDetailView.swift /Users/runner/work/codeg-ios/codeg-ios/CodegiOS/Features/SessionDetail/SessionDetailViewModel.swift /Users/runner/work/codeg-ios/codeg-ios/CodegiOS/Features/SessionDetail/SessionHeaderView.swift /Users/runner/work/codeg-ios/codeg-ios/CodegiOS/Features/Sessions/SessionListView.swift /Users/runner/work/codeg-ios/codeg-ios/CodegiOS/Features/Sessions/SessionListViewModel.swift /Users/runner/work/codeg-ios/codeg-ios/CodegiOS/Features/Sessions/SessionRow.swift /Users/runner/work/codeg-ios/codeg-ios/CodegiOS/Features/Sessions/SessionSectionCard.swift /Users/runner/work/codeg-ios/codeg-ios/CodegiOS/Features/Settings/SettingsLeaf.swift /Users/runner/work/codeg-ios/codeg-ios/CodegiOS/DesignSystem/SettingsRow.swift /Users/runner/work/codeg-ios/codeg-ios/CodegiOS/Features/Settings/SettingsView.swift /Users/runner/work/codeg-ios/codeg-ios/CodegiOS/Features/Settings/Skills/SkillEditorSheet.swift /Users/runner/work/codeg-ios/codeg-ios/CodegiOS/Features/Settings/Skills/SkillsSettingsModel.swift /Users/runner/work/codeg-ios/codeg-ios/CodegiOS/Features/Settings/Skills/SkillsSettingsView.swift /Users/runner/work/codeg-ios/codeg-ios/CodegiOS/DesignSystem/StateViews.swift /Users/runner/work/codeg-ios/codeg-ios/CodegiOS/Models/SystemSettings.swift /Users/runner/work/codeg-ios/codeg-ios/CodegiOS/Features/Settings/System/SystemSettingsModel.swift /Users/runner/work/codeg-ios/codeg-ios/CodegiOS/Features/Settings/System/SystemSettingsView.swift /Users/runner/work/codeg-ios/codeg-ios/CodegiOS/Features/SessionDetail/Rendering/TaskListCard.swift /Users/runner/work/codeg-ios/codeg-ios/CodegiOS/Features/SessionDetail/Rendering/TaskOp.swift /Users/runner/work/codeg-ios/codeg-ios/CodegiOS/Features/Projects/Terminal/TerminalKeyBar.swift /Users/runner/work/codeg-ios/codeg-ios/CodegiOS/Features/Projects/Terminal/TerminalSession.swift /Users/runner/work/codeg-ios/codeg-ios/CodegiOS/Networking/TerminalSocket.swift /Users/runner/work/codeg-ios/codeg-ios/CodegiOS/DesignSystem/Theme.swift /Users/runner/work/codeg-ios/codeg-ios/CodegiOS/Features/SessionDetail/Timeline/TimelineNode.swift /Users/runner/work/codeg-ios/codeg-ios/CodegiOS/Features/SessionDetail/Timeline/TimelineNodeBody.swift /Users/runner/work/codeg-ios/codeg-ios/CodegiOS/Features/SessionDetail/Timeline/TimelineRail.swift /Users/runner/work/codeg-ios/codeg-ios/CodegiOS/Features/SessionDetail/Rendering/ToolCallVM.swift /Users/runner/work/codeg-ios/codeg-ios/CodegiOS/Features/SessionDetail/Rendering/ToolCallView.swift /Users/runner/work/codeg-ios/codeg-ios/CodegiOS/Features/SessionDetail/Rendering/ToolValueFormat.swift /Users/runner/work/codeg-ios/codeg-ios/CodegiOS/Features/SessionDetail/TranscriptView.swift /Users/runner/work/codeg-ios/codeg-ios/CodegiOS/Features/SessionDetail/Rendering/UnifiedDiff.swift /Users/runner/work/codeg-ios/codeg-ios/CodegiOS/Features/Settings/VersionControl/VersionControlSettingsModel.swift /Users/runner/work/codeg-ios/codeg-ios/CodegiOS/Features/Settings/VersionControl/VersionControlSettingsView.swift /Users/runner/work/codeg-ios/codeg-ios/CodegiOS/Features/Settings/ChatChannels/WeixinQRView.swift /Users/runner/work/codeg-ios/codeg-ios/CodegiOS/Networking/WireRequests+Settings.swift /Users/runner/work/codeg-ios/codeg-ios/CodegiOS/Networking/WireRequests.swift /Applications/Xcode_26.6.app/Contents/Developer/Toolchains/XcodeDefault.xctoolchain/usr/lib/swift/iphonesimulator/prebuilt-modules/26.5/AVFoundation.swiftmodule/arm64-apple-ios-simulator.swiftmodule /Applications/Xcode_26.6.app/Contents/Developer/Toolchains/XcodeDefault.xctoolchain/usr/lib/swift/iphonesimulator/prebuilt-modules/26.5/_DarwinFoundation1.swiftmodule/arm64-apple-ios-simulator.swiftmodule /Applications/Xcode_26.6.app/Contents/Developer/Toolchains/XcodeDefault.xctoolchain/usr/lib/swift/iphonesimulator/prebuilt-modules/26.5/SwiftUI.swiftmodule/arm64-apple-ios-simulator.swiftmodule /Applications/Xcode_26.6.app/Contents/Developer/Toolchains/XcodeDefault.xctoolchain/usr/lib/swift/iphonesimulator/prebuilt-modules/26.5/Photos.swiftmodule/arm64-apple-ios-simulator.swiftmodule /Applications/Xcode_26.6.app/Contents/Developer/Toolchains/XcodeDefault.xctoolchain/usr/lib/swift/iphonesimulator/prebuilt-modules/26.5/os.swiftmodule/arm64-apple-ios-simulator.swiftmodule /Applications/Xcode_26.6.app/Contents/Developer/Toolchains/XcodeDefault.xctoolchain/usr/lib/swift/iphonesimulator/prebuilt-modules/26.5/DeveloperToolsSupport.swiftmodule/arm64-apple-ios-simulator.swiftmodule /Applications/Xcode_26.6.app/Contents/Developer/Toolchains/XcodeDefault.xctoolchain/usr/lib/swift/iphonesimulator/prebuilt-modules/26.5/CoreAudio.swiftmodule/arm64-apple-ios-simulator.swiftmodule /Applications/Xcode_26.6.app/Contents/Developer/Toolchains/XcodeDefault.xctoolchain/usr/lib/swift/iphonesimulator/prebuilt-modules/26.5/UIKit.swiftmodule/arm64-apple-ios-simulator.swiftmodule /Applications/Xcode_26.6.app/Contents/Developer/Toolchains/XcodeDefault.xctoolchain/usr/lib/swift/iphonesimulator/prebuilt-modules/26.5/Observation.swiftmodule/arm64-apple-ios-simulator.swiftmodule /Applications/Xcode_26.6.app/Contents/Developer/Toolchains/XcodeDefault.xctoolchain/usr/lib/swift/iphonesimulator/prebuilt-modules/26.5/_PhotosUI_SwiftUI.swiftmodule/arm64-apple-ios-simulator.swiftmodule /Applications/Xcode_26.6.app/Contents/Developer/Toolchains/XcodeDefault.xctoolchain/usr/lib/swift/iphonesimulator/prebuilt-modules/26.5/simd.swiftmodule/arm64-apple-ios-simulator.swiftmodule /Applications/Xcode_26.6.app/Contents/Developer/Toolchains/XcodeDefault.xctoolchain/usr/lib/swift/iphonesimulator/prebuilt-modules/26.5/CoreTransferable.swiftmodule/arm64-apple-ios-simulator.swiftmodule /Applications/Xcode_26.6.app/Contents/Developer/Toolchains/XcodeDefault.xctoolchain/usr/lib/swift/iphonesimulator/prebuilt-modules/26.5/Network.swiftmodule/arm64-apple-ios-simulator.swiftmodule /Applications/Xcode_26.6.app/Contents/Developer/Toolchains/XcodeDefault.xctoolchain/usr/lib/swift/iphonesimulator/prebuilt-modules/26.5/Combine.swiftmodule/arm64-apple-ios-simulator.swiftmodule /Applications/Xcode_26.6.app/Contents/Developer/Toolchains/XcodeDefault.xctoolchain/usr/lib/swift/iphonesimulator/prebuilt-modules/26.5/Dispatch.swiftmodule/arm64-apple-ios-simulator.swiftmodule /Applications/Xcode_26.6.app/Contents/Developer/Toolchains/XcodeDefault.xctoolchain/usr/lib/swift/iphonesimulator/prebuilt-modules/26.5/_Concurrency.swiftmodule/arm64-apple-ios-simulator.swiftmodule /Applications/Xcode_26.6.app/Contents/Developer/Toolchains/XcodeDefault.xctoolchain/usr/lib/swift/iphonesimulator/prebuilt-modules/26.5/UniformTypeIdentifiers.swiftmodule/arm64-apple-ios-simulator.swiftmodule /Applications/Xcode_26.6.app/Contents/Developer/Toolchains/XcodeDefault.xctoolchain/usr/lib/swift/iphonesimulator/prebuilt-modules/26.5/Swift.swiftmodule/arm64-apple-ios-simulator.swiftmodule /Applications/Xcode_26.6.app/Contents/Developer/Toolchains/XcodeDefault.xctoolchain/usr/lib/swift/iphonesimulator/prebuilt-modules/26.5/ObjectiveC.swiftmodule/arm64-apple-ios-simulator.swiftmodule /Applications/Xcode_26.6.app/Contents/Developer/Toolchains/XcodeDefault.xctoolchain/usr/lib/swift/iphonesimulator/prebuilt-modules/26.5/CoreText.swiftmodule/arm64-apple-ios-simulator.swiftmodule /Applications/Xcode_26.6.app/Contents/Developer/Toolchains/XcodeDefault.xctoolchain/usr/lib/swift/iphonesimulator/prebuilt-modules/26.5/_DarwinFoundation3.swiftmodule/arm64-apple-ios-simulator.swiftmodule /Applications/Xcode_26.6.app/Contents/Developer/Toolchains/XcodeDefault.xctoolchain/usr/lib/swift/iphonesimulator/prebuilt-modules/26.5/PhotosUI.swiftmodule/arm64-apple-ios-simulator.swiftmodule /Applications/Xcode_26.6.app/Contents/Developer/Toolchains/XcodeDefault.xctoolchain/usr/lib/swift/iphonesimulator/prebuilt-modules/26.5/Compression.swiftmodule/arm64-apple-ios-simulator.swiftmodule /Applications/Xcode_26.6.app/Contents/Developer/Toolchains/XcodeDefault.xctoolchain/usr/lib/swift/iphonesimulator/prebuilt-modules/26.5/CoreVideo.swiftmodule/arm64-apple-ios-simulator.swiftmodule /Applications/Xcode_26.6.app/Contents/Developer/Toolchains/XcodeDefault.xctoolchain/usr/lib/swift/iphonesimulator/prebuilt-modules/26.5/OSLog.swiftmodule/arm64-apple-ios-simulator.swiftmodule /Applications/Xcode_26.6.app/Contents/Developer/Toolchains/XcodeDefault.xctoolchain/usr/lib/swift/iphonesimulator/prebuilt-modules/26.5/ExtensionFoundation.swiftmodule/arm64-apple-ios-simulator.swiftmodule /Applications/Xcode_26.6.app/Contents/Developer/Toolchains/XcodeDefault.xctoolchain/usr/lib/swift/iphonesimulator/prebuilt-modules/26.5/QuartzCore.swiftmodule/arm64-apple-ios-simulator.swiftmodule /Applications/Xcode_26.6.app/Contents/Developer/Toolchains/XcodeDefault.xctoolchain/usr/lib/swift/iphonesimulator/prebuilt-modules/26.5/Spatial.swiftmodule/arm64-apple-ios-simulator.swiftmodule /Applications/Xcode_26.6.app/Contents/Developer/Toolchains/XcodeDefault.xctoolchain/usr/lib/swift/iphonesimulator/prebuilt-modules/26.5/MetalKit.swiftmodule/arm64-apple-ios-simulator.swiftmodule /Applications/Xcode_26.6.app/Contents/Developer/Toolchains/XcodeDefault.xctoolchain/usr/lib/swift/iphonesimulator/prebuilt-modules/26.5/_Builtin_float.swiftmodule/arm64-apple-ios-simulator.swiftmodule /Applications/Xcode_26.6.app/Contents/Developer/Toolchains/XcodeDefault.xctoolchain/usr/lib/swift/iphonesimulator/prebuilt-modules/26.5/ModelIO.swiftmodule/arm64-apple-ios-simulator.swiftmodule /Applications/Xcode_26.6.app/Contents/Developer/Toolchains/XcodeDefault.xctoolchain/usr/lib/swift/iphonesimulator/prebuilt-modules/26.5/CoreGraphics.swiftmodule/arm64-apple-ios-simulator.swiftmodule /Applications/Xcode_26.6.app/Contents/Developer/Toolchains/XcodeDefault.xctoolchain/usr/lib/swift/iphonesimulator/prebuilt-modules/26.5/CoreLocation.swiftmodule/arm64-apple-ios-simulator.swiftmodule /Applications/Xcode_26.6.app/Contents/Developer/Toolchains/XcodeDefault.xctoolchain/usr/lib/swift/iphonesimulator/prebuilt-modules/26.5/CoreMIDI.swiftmodule/arm64-apple-ios-simulator.swiftmodule /Applications/Xcode_26.6.app/Contents/Developer/Toolchains/XcodeDefault.xctoolchain/usr/lib/swift/iphonesimulator/prebuilt-modules/26.5/System.swiftmodule/arm64-apple-ios-simulator.swiftmodule /Users/runner/work/codeg-ios/codeg-ios/simbuild/Build/Products/Release-iphonesimulator/SwiftTerm.swiftmodule/arm64-apple-ios-simulator.swiftmodule /Applications/Xcode_26.6.app/Contents/Developer/Toolchains/XcodeDefault.xctoolchain/usr/lib/swift/iphonesimulator/prebuilt-modules/26.5/Metal.swiftmodule/arm64-apple-ios-simulator.swiftmodule /Applications/Xcode_26.6.app/Contents/Developer/Toolchains/XcodeDefault.xctoolchain/usr/lib/swift/iphonesimulator/prebuilt-modules/26.5/Distributed.swiftmodule/arm64-apple-ios-simulator.swiftmodule /Applications/Xcode_26.6.app/Contents/Developer/Toolchains/XcodeDefault.xctoolchain/usr/lib/swift/iphonesimulator/prebuilt-modules/26.5/Symbols.swiftmodule/arm64-apple-ios-simulator.swiftmodule /Applications/Xcode_26.6.app/Contents/Developer/Toolchains/XcodeDefault.xctoolchain/usr/lib/swift/iphonesimulator/prebuilt-modules/26.5/CoreFoundation.swiftmodule/arm64-apple-ios-simulator.swiftmodule /Applications/Xcode_26.6.app/Contents/Developer/Toolchains/XcodeDefault.xctoolchain/usr/lib/swift/iphonesimulator/prebuilt-modules/26.5/Foundation.swiftmodule/arm64-apple-ios-simulator.swiftmodule /Applications/Xcode_26.6.app/Contents/Developer/Toolchains/XcodeDefault.xctoolchain/usr/lib/swift/iphonesimulator/prebuilt-modules/26.5/CoreData.swiftmodule/arm64-apple-ios-simulator.swiftmodule /Applications/Xcode_26.6.app/Contents/Developer/Toolchains/XcodeDefault.xctoolchain/usr/lib/swift/iphonesimulator/prebuilt-modules/26.5/Darwin.swiftmodule/arm64-apple-ios-simulator.swiftmodule /Applications/Xcode_26.6.app/Contents/Developer/Toolchains/XcodeDefault.xctoolchain/usr/lib/swift/iphonesimulator/prebuilt-modules/26.5/DataDetection.swiftmodule/arm64-apple-ios-simulator.swiftmodule /Applications/Xcode_26.6.app/Contents/Developer/Toolchains/XcodeDefault.xctoolchain/usr/lib/swift/iphonesimulator/prebuilt-modules/26.5/Accessibility.swiftmodule/arm64-apple-ios-simulator.swiftmodule /Applications/Xcode_26.6.app/Contents/Developer/Toolchains/XcodeDefault.xctoolchain/usr/lib/swift/iphonesimulator/prebuilt-modules/26.5/AudioToolbox.swiftmodule/arm64-apple-ios-simulator.swiftmodule /Applications/Xcode_26.6.app/Contents/Developer/Toolchains/XcodeDefault.xctoolchain/usr/lib/swift/iphonesimulator/prebuilt-modules/26.5/XPC.swiftmodule/arm64-apple-ios-simulator.swiftmodule /Applications/Xcode_26.6.app/Contents/Developer/Toolchains/XcodeDefault.xctoolchain/usr/lib/swift/iphonesimulator/prebuilt-modules/26.5/SwiftUICore.swiftmodule/arm64-apple-ios-simulator.swiftmodule /Applications/Xcode_26.6.app/Contents/Developer/Toolchains/XcodeDefault.xctoolchain/usr/lib/swift/iphonesimulator/prebuilt-modules/26.5/CoreImage.swiftmodule/arm64-apple-ios-simulator.swiftmodule /Applications/Xcode_26.6.app/Contents/Developer/Toolchains/XcodeDefault.xctoolchain/usr/lib/swift/iphonesimulator/prebuilt-modules/26.5/_StringProcessing.swiftmodule/arm64-apple-ios-simulator.swiftmodule /Applications/Xcode_26.6.app/Contents/Developer/Toolchains/XcodeDefault.xctoolchain/usr/lib/swift/iphonesimulator/prebuilt-modules/26.5/Synchronization.swiftmodule/arm64-apple-ios-simulator.swiftmodule /Applications/Xcode_26.6.app/Contents/Developer/Toolchains/XcodeDefault.xctoolchain/usr/lib/swift/iphonesimulator/prebuilt-modules/26.5/AVFAudio.swiftmodule/arm64-apple-ios-simulator.swiftmodule /Applications/Xcode_26.6.app/Contents/Developer/Toolchains/XcodeDefault.xctoolchain/usr/lib/swift/iphonesimulator/prebuilt-modules/26.5/_DarwinFoundation2.swiftmodule/arm64-apple-ios-simulator.swiftmodule /Applications/Xcode_26.6.app/Contents/Developer/Toolchains/XcodeDefault.xctoolchain/usr/lib/swift/iphonesimulator/prebuilt-modules/26.5/FileProvider.swiftmodule/arm64-apple-ios-simulator.swiftmodule /Applications/Xcode_26.6.app/Contents/Developer/Toolchains/XcodeDefault.xctoolchain/usr/lib/swift/iphonesimulator/prebuilt-modules/26.5/CoreMedia.swiftmodule/arm64-apple-ios-simulator.swiftmodule /Users/runner/work/codeg-ios/codeg-ios/simbuild/ModuleCache.noindex/OSLog-5Q3EB522UJU155FYOL3HM0SS0.pcm /Users/runner/work/codeg-ios/codeg-ios/simbuild/ModuleCache.noindex/QuartzCore-3NCBEHUJABMDZK7H207NXU290.pcm /Users/runner/work/codeg-ios/codeg-ios/simbuild/ModuleCache.noindex/_LocationEssentials-7HAYVXCIMNWLR3V131TQ644RX.pcm /Users/runner/work/codeg-ios/codeg-ios/simbuild/ModuleCache.noindex/_AvailabilityInternal-B9AXYBVF97EV18WAUWAZYV4ZG.pcm /Users/runner/work/codeg-ios/codeg-ios/simbuild/ModuleCache.noindex/_Builtin_stdbool-F28T28Y81AM97SWSKRBDQE1F6.pcm /Users/runner/work/codeg-ios/codeg-ios/simbuild/ModuleCache.noindex/FileProvider-4HR3MD8DX3VW639RJDGPFCN8R.pcm /Users/runner/work/codeg-ios/codeg-ios/simbuild/ModuleCache.noindex/MetalKit-837GT2OTRLF3KD3GCY58JV7CW.pcm /Users/runner/work/codeg-ios/codeg-ios/simbuild/ModuleCache.noindex/_SwiftConcurrencyShims-6WR1SCITUUGTLLU0GEUSRPAXB.pcm /Users/runner/work/codeg-ios/codeg-ios/simbuild/ModuleCache.noindex/UIUtilities-C4FSK4IHNB93ZQFEUN28IAG48.pcm /Users/runner/work/codeg-ios/codeg-ios/simbuild/ModuleCache.noindex/CFNetwork-3FIQUIO50LYCK6PYJI4N9RUII.pcm /Users/runner/work/codeg-ios/codeg-ios/simbuild/ModuleCache.noindex/ObjectiveC-DR9F9TNYO7DDEDYVFPH2ROZIU.pcm /Users/runner/work/codeg-ios/codeg-ios/simbuild/ModuleCache.noindex/Dispatch-1NHW8VB2YI6K60WJ2IWDIYME.pcm /Users/runner/work/codeg-ios/codeg-ios/simbuild/ModuleCache.noindex/DeveloperToolsSupport-1QHGJTY5SPTAWW9UEB8QJ12TT.pcm /Users/runner/work/codeg-ios/codeg-ios/simbuild/ModuleCache.noindex/_DarwinFoundation2-6S4TDK8QEAQK3QF2KZM4MOPQV.pcm /Users/runner/work/codeg-ios/codeg-ios/simbuild/ModuleCache.noindex/os-60HM04SMKGZ7A70Q84V13SH5F.pcm /Users/runner/work/codeg-ios/codeg-ios/simbuild/ModuleCache.noindex/Accessibility-2G5ILNUO1034KH1MNV9TQIU6M.pcm /Users/runner/work/codeg-ios/codeg-ios/simbuild/ModuleCache.noindex/CoreAudio-5EE5SX1YNZXABVQUUQYC5FA51.pcm /Users/runner/work/codeg-ios/codeg-ios/simbuild/ModuleCache.noindex/XPC-C4HPDQ67WLG5347VBGS246Q8E.pcm /Users/runner/work/codeg-ios/codeg-ios/simbuild/ModuleCache.noindex/Spatial-BGIY419XGHQFWVT27210L0VJ.pcm /Users/runner/work/codeg-ios/codeg-ios/simbuild/ModuleCache.noindex/ptrcheck-5VYZ81O3KMF5HUA5PIDNB8IB5.pcm /Users/runner/work/codeg-ios/codeg-ios/simbuild/ModuleCache.noindex/_Builtin_float-D1THOR0HS1TDBN4A3DQBB473.pcm /Users/runner/work/codeg-ios/codeg-ios/simbuild/ModuleCache.noindex/CoreMIDI-2QP15C7A9SHB5G57QQVJ2GH0H.pcm /Users/runner/work/codeg-ios/codeg-ios/simbuild/ModuleCache.noindex/MediaToolbox-AAKX3VGFX5B78SJZ61SHNVCFT.pcm /Users/runner/work/codeg-ios/codeg-ios/simbuild/ModuleCache.noindex/DataDetection-733PFON5Q4X481VTWJT68MOII.pcm /Users/runner/work/codeg-ios/codeg-ios/simbuild/ModuleCache.noindex/_DarwinFoundation3-B8Q46SZ4A8WN592VU238AHYAT.pcm /Users/runner/work/codeg-ios/codeg-ios/simbuild/ModuleCache.noindex/CoreVideo-CCDIZA4IAWN8TN6NRO13O7TH0.pcm /Users/runner/work/codeg-ios/codeg-ios/simbuild/ModuleCache.noindex/UIKit-9SOKXXZOKCRL0YURS49RQJ9N.pcm /Users/runner/work/codeg-ios/codeg-ios/simbuild/ModuleCache.noindex/_Builtin_stdatomic-1997A31U1NOWLBZC10JQW2JSD.pcm /Users/runner/work/codeg-ios/codeg-ios/simbuild/ModuleCache.noindex/Darwin-BHO1QDVNWXF6MPID7WN13O1ZR.pcm /Users/runner/work/codeg-ios/codeg-ios/simbuild/ModuleCache.noindex/_Builtin_inttypes-4S145588S8AFBX9F8MUS8HSGE.pcm /Users/runner/work/codeg-ios/codeg-ios/simbuild/ModuleCache.noindex/CoreTransferable-ATKP12IL5EFY1UCBQJQA1G9Y4.pcm /Users/runner/work/codeg-ios/codeg-ios/simbuild/ModuleCache.noindex/_DarwinFoundation1-41447JUOM20JT5OBRXY13QFAX.pcm /Users/runner/work/codeg-ios/codeg-ios/simbuild/ModuleCache.noindex/_Builtin_stdint-DC8AHGJYHF0RBQV90RJCJPUUQ.pcm /Users/runner/work/codeg-ios/codeg-ios/simbuild/ModuleCache.noindex/os_object-4CRLLJWGXNY1FNNDIYPU1D8GV.pcm /Users/runner/work/codeg-ios/codeg-ios/simbuild/ModuleCache.noindex/Metal-AI14LMBBOFAQM2EN0Q4NO13QQ.pcm /Users/runner/work/codeg-ios/codeg-ios/simbuild/ModuleCache.noindex/_Builtin_intrinsics-90V7NBNW1PDUW4YIHYNBNER80.pcm /Users/runner/work/codeg-ios/codeg-ios/simbuild/ModuleCache.noindex/ExtensionFoundation-6I8E7NJV45D6AFH2A20YLA043.pcm /Users/runner/work/codeg-ios/codeg-ios/simbuild/ModuleCache.noindex/UserNotifications-10U0UXGP1VHM2H1EHMCC5EO9N.pcm /Users/runner/work/codeg-ios/codeg-ios/simbuild/ModuleCache.noindex/Photos-BCD6X32UNPAYPMZAVWU6GNWHJ.pcm /Users/runner/work/codeg-ios/codeg-ios/simbuild/ModuleCache.noindex/_Builtin_limits-BKE6VDXS3Q92RVN6MY90UVXGA.pcm /Users/runner/work/codeg-ios/codeg-ios/simbuild/ModuleCache.noindex/ImageIO-1YLGIP9J7RPNF2SMO7CYNEXB9.pcm /Users/runner/work/codeg-ios/codeg-ios/simbuild/ModuleCache.noindex/Security-3VHXQFZQQGJ6NEB3APDCLMAET.pcm /Users/runner/work/codeg-ios/codeg-ios/simbuild/ModuleCache.noindex/Foundation-CTUH2TKU4MRFE4DRP75656IJB.pcm /Users/runner/work/codeg-ios/codeg-ios/simbuild/ModuleCache.noindex/CoreAudioTypes-BF8RQQNXO7JTXFB93U87N81VM.pcm /Users/runner/work/codeg-ios/codeg-ios/simbuild/ModuleCache.noindex/ptrauth-7V6N6AZS8Q9WEKDO6YJL3XZ84.pcm /Users/runner/work/codeg-ios/codeg-ios/simbuild/ModuleCache.noindex/UniformTypeIdentifiers-AZMVLPBGULA5B9SF7ZKCYQG4Q.pcm /Users/runner/work/codeg-ios/codeg-ios/simbuild/ModuleCache.noindex/CoreGraphics-406M1QBAGFAYSETJ1PNP4PMWA.pcm /Users/runner/work/codeg-ios/codeg-ios/simbuild/ModuleCache.noindex/MachO-EMP7BC888AMGFYHPLGLDCHJOO.pcm /Users/runner/work/codeg-ios/codeg-ios/simbuild/ModuleCache.noindex/CoreLocation-6C116V0DSZYD8CBPRO7UHR0S1.pcm /Users/runner/work/codeg-ios/codeg-ios/simbuild/ModuleCache.noindex/SwiftUICore-BEWZ6Q2Q3XUDFDEOHE8JQ0A2T.pcm /Users/runner/work/codeg-ios/codeg-ios/simbuild/ModuleCache.noindex/Network-9W1MH2K0XTC5C4T3IRR5LUUAW.pcm /Users/runner/work/codeg-ios/codeg-ios/simbuild/ModuleCache.noindex/_Builtin_tgmath-4F0X3D4AVK8W9VM4VCL08HEGK.pcm /Users/runner/work/codeg-ios/codeg-ios/simbuild/ModuleCache.noindex/_Builtin_stdarg-OVBN5PNG2B6VT0BD0SJ94QEP.pcm /Users/runner/work/codeg-ios/codeg-ios/simbuild/ModuleCache.noindex/OpenGLES-AP779SFOHQ1MSJIHF1GYKYO6F.pcm /Users/runner/work/codeg-ios/codeg-ios/simbuild/ModuleCache.noindex/IOSurface-7TYFA2Y5X8XGSHKESQAG9JLC1.pcm /Users/runner/work/codeg-ios/codeg-ios/simbuild/ModuleCache.noindex/sys_types-AB19Q244GYOG3OQGJG6FUX2HN.pcm /Users/runner/work/codeg-ios/codeg-ios/simbuild/ModuleCache.noindex/AVFAudio-1I5GVDF6CY4IXC1DWOPN1PUTP.pcm /Users/runner/work/codeg-ios/codeg-ios/simbuild/ModuleCache.noindex/ModelIO-ZM6VRL44NL0X0EC9P7EOO948.pcm /Users/runner/work/codeg-ios/codeg-ios/simbuild/ModuleCache.noindex/CoreImage-1AOTM5HW7V0KV3VTO5F70LT3R.pcm /Users/runner/work/codeg-ios/codeg-ios/simbuild/ModuleCache.noindex/_Builtin_stddef-7YFOBO38PRQEHYWTP8JVZI1NK.pcm /Users/runner/work/codeg-ios/codeg-ios/simbuild/ModuleCache.noindex/os_workgroup-1I85JR39LCC68563LH71X6M41.pcm /Users/runner/work/codeg-ios/codeg-ios/simbuild/ModuleCache.noindex/AVRouting-C7J37V8JN9UJAS8XF8SIEJL2N.pcm /Users/runner/work/codeg-ios/codeg-ios/simbuild/ModuleCache.noindex/dnssd-B89N4IO37H2YOJYNXS5NAX44M.pcm /Users/runner/work/codeg-ios/codeg-ios/simbuild/ModuleCache.noindex/PhotosUI-3T50DUFEWOA28LQ5VTKV32TW3.pcm /Users/runner/work/codeg-ios/codeg-ios/simbuild/ModuleCache.noindex/Compression-4OQRTRYMDSPOJ2ZZJ7O7DJCIW.pcm /Users/runner/work/codeg-ios/codeg-ios/simbuild/ModuleCache.noindex/CoreData-525GAYFJ3JRJ85578ZHJOIVVI.pcm /Users/runner/work/codeg-ios/codeg-ios/simbuild/ModuleCache.noindex/simd-3FED1JF4QDOZ84RN7JSC4VFOD.pcm /Users/runner/work/codeg-ios/codeg-ios/simbuild/ModuleCache.noindex/CoreText-CUKMUU6A86SO1LP5I881LXJ99.pcm /Users/runner/work/codeg-ios/codeg-ios/simbuild/ModuleCache.noindex/Symbols-3V8HYXSF3SLYVLBA6D5GJFUYN.pcm /Users/runner/work/codeg-ios/codeg-ios/simbuild/ModuleCache.noindex/SwiftUI-8H35PMCX95FBLVOYP6L6O9MHO.pcm /Users/runner/work/codeg-ios/codeg-ios/simbuild/ModuleCache.noindex/SwiftShims-3PT1KC24LQR4LX61A18M2BH94.pcm /Users/runner/work/codeg-ios/codeg-ios/simbuild/ModuleCache.noindex/AVFoundation-6GYLHGTDAIB83UYAGJW3MR8H1.pcm /Users/runner/work/codeg-ios/codeg-ios/simbuild/ModuleCache.noindex/CoreMedia-71MXX8IT4D0CUUWTSU8F937ZZ.pcm /Users/runner/work/codeg-ios/codeg-ios/simbuild/ModuleCache.noindex/CoreFoundation-419B07YY5P4XCNUNXE26JY7XE.pcm /Users/runner/work/codeg-ios/codeg-ios/simbuild/ModuleCache.noindex/AudioToolbox-CEZL5QT5W9P7V15W41FHYS019.pcm /Users/runner/work/codeg-ios/codeg-ios/simbuild/Build/Intermediates.noindex/CodegiOS.build/Release-iphonesimulator/CodegiOS.build/Objects-normal/arm64/Codeg-dependencies-1.json (in target 'CodegiOS' from project 'CodegiOS')
CompileSwift normal arm64 (in target 'CodegiOS' from project 'CodegiOS')
    cd /Users/runner/work/codeg-ios/codeg-ios
    
/Users/runner/work/codeg-ios/codeg-ios/CodegiOS/App/ReproHooks.swift:56:9: warning: 'init(isActive:destination:label:)' was deprecated in iOS 16.0: use NavigationLink(value:label:), or navigationDestination(isPresented:destination:), inside a NavigationStack or NavigationSplitView
        NavigationLink(isActive: $pushed) {
        ^
/Users/runner/work/codeg-ios/codeg-ios/CodegiOS/Features/Projects/Terminal/TerminalKeyBar.swift:178:55: warning: result of call to 'resignFirstResponder()' is unused
    @objc private func hideKeyboard() { terminalView?.resignFirstResponder() }
                                                      ^                   ~~
/Users/runner/work/codeg-ios/codeg-ios/CodegiOS/Features/Projects/Terminal/TerminalSession.swift:100:14: warning: result of call to 'resignFirstResponder()' is unused
        view.resignFirstResponder()
             ^                   ~~

LinkAssetCatalog /Users/runner/work/codeg-ios/codeg-ios/CodegiOS/Resources/AppIcon.icon /Users/runner/work/codeg-ios/codeg-ios/CodegiOS/Resources/Assets.xcassets (in target 'CodegiOS' from project 'CodegiOS')
    cd /Users/runner/work/codeg-ios/codeg-ios
    builtin-linkAssetCatalog --thinned /Users/runner/work/codeg-ios/codeg-ios/simbuild/Build/Intermediates.noindex/CodegiOS.build/Release-iphonesimulator/CodegiOS.build/assetcatalog_output/thinned --thinned-dependencies /Users/runner/work/codeg-ios/codeg-ios/simbuild/Build/Intermediates.noindex/CodegiOS.build/Release-iphonesimulator/CodegiOS.build/assetcatalog_dependencies_thinned --thinned-info-plist-content /Users/runner/work/codeg-ios/codeg-ios/simbuild/Build/Intermediates.noindex/CodegiOS.build/Release-iphonesimulator/CodegiOS.build/assetcatalog_generated_info.plist_thinned --unthinned /Users/runner/work/codeg-ios/codeg-ios/simbuild/Build/Intermediates.noindex/CodegiOS.build/Release-iphonesimulator/CodegiOS.build/assetcatalog_output/unthinned --unthinned-dependencies /Users/runner/work/codeg-ios/codeg-ios/simbuild/Build/Intermediates.noindex/CodegiOS.build/Release-iphonesimulator/CodegiOS.build/assetcatalog_dependencies_unthinned --unthinned-info-plist-content /Users/runner/work/codeg-ios/codeg-ios/simbuild/Build/Intermediates.noindex/CodegiOS.build/Release-iphonesimulator/CodegiOS.build/assetcatalog_generated_info.plist_unthinned --output /Users/runner/work/codeg-ios/codeg-ios/simbuild/Build/Products/Release-iphonesimulator/Codeg.app --plist-output /Users/runner/work/codeg-ios/codeg-ios/simbuild/Build/Intermediates.noindex/CodegiOS.build/Release-iphonesimulator/CodegiOS.build/assetcatalog_generated_info.plist
note: Emplaced /Users/runner/work/codeg-ios/codeg-ios/simbuild/Build/Products/Release-iphonesimulator/Codeg.app/AppIcon60x60@2x.png (in target 'CodegiOS' from project 'CodegiOS')
note: Emplaced /Users/runner/work/codeg-ios/codeg-ios/simbuild/Build/Products/Release-iphonesimulator/Codeg.app/Assets.car (in target 'CodegiOS' from project 'CodegiOS')
note: Emplaced /Users/runner/work/codeg-ios/codeg-ios/simbuild/Build/Products/Release-iphonesimulator/Codeg.app/AppIcon76x76@2x~ipad.png (in target 'CodegiOS' from project 'CodegiOS')

ProcessInfoPlistFile /Users/runner/work/codeg-ios/codeg-ios/simbuild/Build/Products/Release-iphonesimulator/Codeg.app/Info.plist /Users/runner/work/codeg-ios/codeg-ios/CodegiOS/Info.plist (in target 'CodegiOS' from project 'CodegiOS')
    cd /Users/runner/work/codeg-ios/codeg-ios
    builtin-infoPlistUtility /Users/runner/work/codeg-ios/codeg-ios/CodegiOS/Info.plist -producttype com.apple.product-type.application -genpkginfo /Users/runner/work/codeg-ios/codeg-ios/simbuild/Build/Products/Release-iphonesimulator/Codeg.app/PkgInfo -expandbuildsettings -format binary -platform iphonesimulator -additionalcontentfile /Users/runner/work/codeg-ios/codeg-ios/simbuild/Build/Intermediates.noindex/CodegiOS.build/Release-iphonesimulator/CodegiOS.build/assetcatalog_generated_info.plist -scanforprivacyfile /Users/runner/work/codeg-ios/codeg-ios/simbuild/Build/Products/Release-iphonesimulator/Codeg.app/SwiftTerm_SwiftTerm.bundle -o /Users/runner/work/codeg-ios/codeg-ios/simbuild/Build/Products/Release-iphonesimulator/Codeg.app/Info.plist

SwiftDriverJobDiscovery normal arm64 Compiling APIError.swift, AboutView.swift, AcpEvent.swift, ActivityModel.swift, ActivityView.swift, AgentConfig.swift, AgentConfigCursor.swift, AgentConfigCursorView.swift, AgentConfigHermes.swift, AgentConfigKimi.swift, AgentConfigKimiView.swift, AgentConfigOpenCode.swift, AgentConfigPi.swift, AgentConfigPiView.swift, AgentConfigSections.swift, AgentConfigTOML.swift, AgentDetailView.swift, AgentIcon.swift, AgentManagement.swift, AgentOptions.swift, AgentOptionsButton.swift, AgentOptionsModel.swift, AgentSkill.swift, AgentType.swift, AgentVersionCheck.swift, AgentsSettingsModel.swift, AgentsSettingsView.swift, AnyJSON.swift, AppLanguage.swift, AppModel.swift, Appearance.swift, AppearanceSettingsView.swift, AskQuestionCard.swift, AskQuestionResult.swift, AskQuestionResultCard.swift, Attachment.swift, AttachmentChipsView.swift, AttachmentPickers.swift, Badges.swift, Binding+Presenting.swift, BranchPickerView.swift, ChatChannel.swift, ChatChannelDetailView.swift, ChatChannelEditorSheet.swift, ChatChannelsSettingsModel.swift, ChatChannelsSettingsView.swift, ChatGlobalSettingsView.swift, CloneRepoView.swift, CodeBlockView.swift, CodegBackground.swift, CodegClient+Folders.swift, CodegClient+Settings.swift, CodegClient+Terminal.swift, CodegClient.swift, CodegiOSApp.swift, CommitSheet.swift, CompanionTools.swift, Compat.swift, ComposeBar.swift, ComposeInsertModel.swift, ComposeInsertSheet.swift, ComposeInserts.swift, ContentBlockView.swift, ContextCompaction.swift, Conversation.swift, DelegationCardViews.swift, DelegationModel.swift, DiffView.swift, DirectoryBrowserView.swift, DirectoryEntry.swift, EventStream.swift, ExpertDetailView.swift, ExpertStatus.swift, ExpertsSettingsModel.swift, ExpertsSettingsView.swift, FolderChangesView.swift, FolderCommitsView.swift, FolderFilesView.swift, FolderGitModel.swift, FolderTerminalView.swift, FolderVisibility.swift, FormComponents.swift, Formatters.swift, GeneralSettingsModel.swift, GeneralSettingsView.swift, GitCredentialSheet.swift, GitHistory.swift, GitHubAccountEditorSheet.swift, GitSettings.swift, GlassComponents.swift, Haptics.swift, InteractiveRequests.swift, JSONCoding.swift, Keychain.swift, LanguageSettingsView.swift, LivePlanView.swift, LiveTurn.swift, MainThreadSampler.swift, MarkdownContent.swift, MarkdownText.swift, McpModels.swift, McpServerEditorSheet.swift, McpSettingsModel.swift, McpSettingsView.swift, Message.swift, ModelProvider.swift, ModelProviderEditorSheet.swift, ModelProvidersSettingsModel.swift, ModelProvidersSettingsView.swift, OnboardingView.swift, PermissionRequestCard.swift, PlanApprovalCard.swift, PlanChecklist.swift, ProjectDetailView.swift, ProjectListView.swift, QRScannerView.swift, QuickMessageEditorSheet.swift, QuickMessagesSettingsModel.swift, QuickMessagesSettingsView.swift, ReproHooks.swift, RootView.swift, Route.swift, ScrollMetrics.swift, SearchView.swift, SecretField.swift, SelectorPrefsStore.swift, ServerEditorModel.swift, ServerEditorSheet.swift, ServerListView.swift, ServerProfile.swift, ServerStatusModel.swift, ServerStore.swift, SessionDetailView.swift, SessionDetailViewModel.swift, SessionHeaderView.swift, SessionListView.swift, SessionListViewModel.swift, SessionRow.swift, SessionSectionCard.swift, SettingsLeaf.swift, SettingsRow.swift, SettingsView.swift, SkillEditorSheet.swift, SkillsSettingsModel.swift, SkillsSettingsView.swift, StateViews.swift, SystemSettings.swift, SystemSettingsModel.swift, SystemSettingsView.swift, TaskListCard.swift, TaskOp.swift, TerminalKeyBar.swift, TerminalSession.swift, TerminalSocket.swift, Theme.swift, TimelineNode.swift, TimelineNodeBody.swift, TimelineRail.swift, ToolCallVM.swift, ToolCallView.swift, ToolValueFormat.swift, TranscriptView.swift, UnifiedDiff.swift, VersionControlSettingsModel.swift, VersionControlSettingsView.swift, WeixinQRView.swift, WireRequests+Settings.swift, WireRequests.swift (in target 'CodegiOS' from project 'CodegiOS')

SwiftDriver\ Compilation\ Requirements CodegiOS normal arm64 com.apple.xcode.tools.swift.compiler (in target 'CodegiOS' from project 'CodegiOS')
    cd /Users/runner/work/codeg-ios/codeg-ios
    builtin-Swift-Compilation-Requirements -- /Applications/Xcode_26.6.app/Contents/Developer/Toolchains/XcodeDefault.xctoolchain/usr/bin/swiftc -module-name Codeg -O -whole-module-optimization @/Users/runner/work/codeg-ios/codeg-ios/simbuild/Build/Intermediates.noindex/CodegiOS.build/Release-iphonesimulator/CodegiOS.build/Objects-normal/arm64/Codeg.SwiftFileList -enable-bare-slash-regex -enable-experimental-feature DebugDescriptionMacro -sdk /Applications/Xcode_26.6.app/Contents/Developer/Platforms/iPhoneSimulator.platform/Developer/SDKs/iPhoneSimulator26.5.sdk -target arm64-apple-ios16.0-simulator -g -module-cache-path /Users/runner/work/codeg-ios/codeg-ios/simbuild/ModuleCache.noindex -Xfrontend -serialize-debugging-options -swift-version 5 -I /Users/runner/work/codeg-ios/codeg-ios/simbuild/Build/Products/Release-iphonesimulator -F /Users/runner/work/codeg-ios/codeg-ios/simbuild/Build/Products/Release-iphonesimulator/PackageFrameworks -F /Users/runner/work/codeg-ios/codeg-ios/simbuild/Build/Products/Release-iphonesimulator -c -num-threads 3 -Xcc -ivfsstatcache -Xcc /Users/runner/work/codeg-ios/codeg-ios/simbuild/SDKStatCaches.noindex/iphonesimulator26.5-23F81a-688ef53f1462e2c8f657fdc38a81448ff45c64a1807a658693f2a61704f17a36.sdkstatcache -output-file-map /Users/runner/work/codeg-ios/codeg-ios/simbuild/Build/Intermediates.noindex/CodegiOS.build/Release-iphonesimulator/CodegiOS.build/Objects-normal/arm64/CodegiOS-OutputFileMap.json -use-frontend-parseable-output -save-temps -no-color-diagnostics -explicit-module-build -module-cache-path /Users/runner/work/codeg-ios/codeg-ios/simbuild/Build/Intermediates.noindex/SwiftExplicitPrecompiledModules -clang-scanner-module-cache-path /Users/runner/work/codeg-ios/codeg-ios/simbuild/ModuleCache.noindex -sdk-module-cache-path /Users/runner/work/codeg-ios/codeg-ios/simbuild/ModuleCache.noindex -serialize-diagnostics -emit-dependencies -emit-module -emit-module-path /Users/runner/work/codeg-ios/codeg-ios/simbuild/Build/Intermediates.noindex/CodegiOS.build/Release-iphonesimulator/CodegiOS.build/Objects-normal/arm64/Codeg.swiftmodule -validate-clang-modules-once -clang-build-session-file /Users/runner/work/codeg-ios/codeg-ios/simbuild/ModuleCache.noindex/Session.modulevalidation -Xcc -I/Users/runner/work/codeg-ios/codeg-ios/simbuild/Build/Intermediates.noindex/CodegiOS.build/Release-iphonesimulator/CodegiOS.build/swift-overrides.hmap -emit-const-values -Xfrontend -const-gather-protocols-file -Xfrontend /Users/runner/work/codeg-ios/codeg-ios/simbuild/Build/Intermediates.noindex/CodegiOS.build/Release-iphonesimulator/CodegiOS.build/Objects-normal/arm64/CodegiOS_const_extract_protocols.json -Xcc -iquote -Xcc /Users/runner/work/codeg-ios/codeg-ios/simbuild/Build/Intermediates.noindex/CodegiOS.build/Release-iphonesimulator/CodegiOS.build/Codeg-generated-files.hmap -Xcc -I/Users/runner/work/codeg-ios/codeg-ios/simbuild/Build/Intermediates.noindex/CodegiOS.build/Release-iphonesimulator/CodegiOS.build/Codeg-own-target-headers.hmap -Xcc -I/Users/runner/work/codeg-ios/codeg-ios/simbuild/Build/Intermediates.noindex/CodegiOS.build/Release-iphonesimulator/CodegiOS.build/Codeg-all-non-framework-target-headers.hmap -Xcc -ivfsoverlay -Xcc /Users/runner/work/codeg-ios/codeg-ios/simbuild/Build/Intermediates.noindex/CodegiOS.build/Release-iphonesimulator/CodegiOS-d8c00a8ece3c619e25b91743c70f7b97-VFS-iphonesimulator/all-product-headers.yaml -Xcc -iquote -Xcc /Users/runner/work/codeg-ios/codeg-ios/simbuild/Build/Intermediates.noindex/CodegiOS.build/Release-iphonesimulator/CodegiOS.build/Codeg-project-headers.hmap -Xcc -I/Users/runner/work/codeg-ios/codeg-ios/simbuild/Build/Products/Release-iphonesimulator/include -Xcc -I/Users/runner/work/codeg-ios/codeg-ios/simbuild/Build/Intermediates.noindex/CodegiOS.build/Release-iphonesimulator/CodegiOS.build/DerivedSources-normal/arm64 -Xcc -I/Users/runner/work/codeg-ios/codeg-ios/simbuild/Build/Intermediates.noindex/CodegiOS.build/Release-iphonesimulator/CodegiOS.build/DerivedSources/arm64 -Xcc -I/Users/runner/work/codeg-ios/codeg-ios/simbuild/Build/Intermediates.noindex/CodegiOS.build/Release-iphonesimulator/CodegiOS.build/DerivedSources -emit-objc-header -emit-objc-header-path /Users/runner/work/codeg-ios/codeg-ios/simbuild/Build/Intermediates.noindex/CodegiOS.build/Release-iphonesimulator/CodegiOS.build/Objects-normal/arm64/Codeg-Swift.h -working-directory /Users/runner/work/codeg-ios/codeg-ios -no-emit-module-separately-wmo

SwiftMergeGeneratedHeaders /Users/runner/work/codeg-ios/codeg-ios/simbuild/Build/Intermediates.noindex/CodegiOS.build/Release-iphonesimulator/CodegiOS.build/DerivedSources/Codeg-Swift.h /Users/runner/work/codeg-ios/codeg-ios/simbuild/Build/Intermediates.noindex/CodegiOS.build/Release-iphonesimulator/CodegiOS.build/Objects-normal/arm64/Codeg-Swift.h (in target 'CodegiOS' from project 'CodegiOS')
    cd /Users/runner/work/codeg-ios/codeg-ios
    builtin-swiftHeaderTool -arch arm64 /Users/runner/work/codeg-ios/codeg-ios/simbuild/Build/Intermediates.noindex/CodegiOS.build/Release-iphonesimulator/CodegiOS.build/Objects-normal/arm64/Codeg-Swift.h -o /Users/runner/work/codeg-ios/codeg-ios/simbuild/Build/Intermediates.noindex/CodegiOS.build/Release-iphonesimulator/CodegiOS.build/DerivedSources/Codeg-Swift.h

Copy /Users/runner/work/codeg-ios/codeg-ios/simbuild/Build/Products/Release-iphonesimulator/Codeg.swiftmodule/arm64-apple-ios-simulator.swiftdoc /Users/runner/work/codeg-ios/codeg-ios/simbuild/Build/Intermediates.noindex/CodegiOS.build/Release-iphonesimulator/CodegiOS.build/Objects-normal/arm64/Codeg.swiftdoc (in target 'CodegiOS' from project 'CodegiOS')
    cd /Users/runner/work/codeg-ios/codeg-ios
    builtin-copy -exclude .DS_Store -exclude CVS -exclude .svn -exclude .git -exclude .hg -resolve-src-symlinks -rename /Users/runner/work/codeg-ios/codeg-ios/simbuild/Build/Intermediates.noindex/CodegiOS.build/Release-iphonesimulator/CodegiOS.build/Objects-normal/arm64/Codeg.swiftdoc /Users/runner/work/codeg-ios/codeg-ios/simbuild/Build/Products/Release-iphonesimulator/Codeg.swiftmodule/arm64-apple-ios-simulator.swiftdoc

Copy /Users/runner/work/codeg-ios/codeg-ios/simbuild/Build/Products/Release-iphonesimulator/Codeg.swiftmodule/arm64-apple-ios-simulator.swiftmodule /Users/runner/work/codeg-ios/codeg-ios/simbuild/Build/Intermediates.noindex/CodegiOS.build/Release-iphonesimulator/CodegiOS.build/Objects-normal/arm64/Codeg.swiftmodule (in target 'CodegiOS' from project 'CodegiOS')
    cd /Users/runner/work/codeg-ios/codeg-ios
    builtin-copy -exclude .DS_Store -exclude CVS -exclude .svn -exclude .git -exclude .hg -resolve-src-symlinks -rename /Users/runner/work/codeg-ios/codeg-ios/simbuild/Build/Intermediates.noindex/CodegiOS.build/Release-iphonesimulator/CodegiOS.build/Objects-normal/arm64/Codeg.swiftmodule /Users/runner/work/codeg-ios/codeg-ios/simbuild/Build/Products/Release-iphonesimulator/Codeg.swiftmodule/arm64-apple-ios-simulator.swiftmodule

Copy /Users/runner/work/codeg-ios/codeg-ios/simbuild/Build/Products/Release-iphonesimulator/Codeg.swiftmodule/arm64-apple-ios-simulator.abi.json /Users/runner/work/codeg-ios/codeg-ios/simbuild/Build/Intermediates.noindex/CodegiOS.build/Release-iphonesimulator/CodegiOS.build/Objects-normal/arm64/Codeg.abi.json (in target 'CodegiOS' from project 'CodegiOS')
    cd /Users/runner/work/codeg-ios/codeg-ios
    builtin-copy -exclude .DS_Store -exclude CVS -exclude .svn -exclude .git -exclude .hg -resolve-src-symlinks -rename /Users/runner/work/codeg-ios/codeg-ios/simbuild/Build/Intermediates.noindex/CodegiOS.build/Release-iphonesimulator/CodegiOS.build/Objects-normal/arm64/Codeg.abi.json /Users/runner/work/codeg-ios/codeg-ios/simbuild/Build/Products/Release-iphonesimulator/Codeg.swiftmodule/arm64-apple-ios-simulator.abi.json

Copy /Users/runner/work/codeg-ios/codeg-ios/simbuild/Build/Products/Release-iphonesimulator/Codeg.swiftmodule/Project/arm64-apple-ios-simulator.swiftsourceinfo /Users/runner/work/codeg-ios/codeg-ios/simbuild/Build/Intermediates.noindex/CodegiOS.build/Release-iphonesimulator/CodegiOS.build/Objects-normal/arm64/Codeg.swiftsourceinfo (in target 'CodegiOS' from project 'CodegiOS')
    cd /Users/runner/work/codeg-ios/codeg-ios
    builtin-copy -exclude .DS_Store -exclude CVS -exclude .svn -exclude .git -exclude .hg -resolve-src-symlinks -rename /Users/runner/work/codeg-ios/codeg-ios/simbuild/Build/Intermediates.noindex/CodegiOS.build/Release-iphonesimulator/CodegiOS.build/Objects-normal/arm64/Codeg.swiftsourceinfo /Users/runner/work/codeg-ios/codeg-ios/simbuild/Build/Products/Release-iphonesimulator/Codeg.swiftmodule/Project/arm64-apple-ios-simulator.swiftsourceinfo

Ld /Users/runner/work/codeg-ios/codeg-ios/simbuild/Build/Products/Release-iphonesimulator/Codeg.app/Codeg normal (in target 'CodegiOS' from project 'CodegiOS')
    cd /Users/runner/work/codeg-ios/codeg-ios
    /Applications/Xcode_26.6.app/Contents/Developer/Toolchains/XcodeDefault.xctoolchain/usr/bin/clang -Xlinker -reproducible -target arm64-apple-ios16.0-simulator -isysroot /Applications/Xcode_26.6.app/Contents/Developer/Platforms/iPhoneSimulator.platform/Developer/SDKs/iPhoneSimulator26.5.sdk -Os -L/Users/runner/work/codeg-ios/codeg-ios/simbuild/Build/Intermediates.noindex/EagerLinkingTBDs/Release-iphonesimulator -L/Users/runner/work/codeg-ios/codeg-ios/simbuild/Build/Products/Release-iphonesimulator -F/Users/runner/work/codeg-ios/codeg-ios/simbuild/Build/Intermediates.noindex/EagerLinkingTBDs/Release-iphonesimulator -F/Users/runner/work/codeg-ios/codeg-ios/simbuild/Build/Products/Release-iphonesimulator/PackageFrameworks -F/Users/runner/work/codeg-ios/codeg-ios/simbuild/Build/Products/Release-iphonesimulator -filelist /Users/runner/work/codeg-ios/codeg-ios/simbuild/Build/Intermediates.noindex/CodegiOS.build/Release-iphonesimulator/CodegiOS.build/Objects-normal/arm64/Codeg.LinkFileList -Xlinker -rpath -Xlinker /usr/lib/swift -Xlinker -rpath -Xlinker @executable_path/Frameworks -Xlinker -dead_strip -Xlinker -object_path_lto -Xlinker /Users/runner/work/codeg-ios/codeg-ios/simbuild/Build/Intermediates.noindex/CodegiOS.build/Release-iphonesimulator/CodegiOS.build/Objects-normal/arm64/Codeg_lto.o -Xlinker -objc_abi_version -Xlinker 2 -Xlinker -dependency_info -Xlinker /Users/runner/work/codeg-ios/codeg-ios/simbuild/Build/Intermediates.noindex/CodegiOS.build/Release-iphonesimulator/CodegiOS.build/Objects-normal/arm64/Codeg_dependency_info.dat -fobjc-link-runtime -L/Applications/Xcode_26.6.app/Contents/Developer/Toolchains/XcodeDefault.xctoolchain/usr/lib/swift/iphonesimulator -L/usr/lib/swift -Xlinker -add_ast_path -Xlinker /Users/runner/work/codeg-ios/codeg-ios/simbuild/Build/Intermediates.noindex/CodegiOS.build/Release-iphonesimulator/CodegiOS.build/Objects-normal/arm64/Codeg.swiftmodule @/Users/runner/work/codeg-ios/codeg-ios/simbuild/Build/Intermediates.noindex/CodegiOS.build/Release-iphonesimulator/CodegiOS.build/Objects-normal/arm64/Codeg-linker-args.resp -Wl,-no_warn_duplicate_libraries -o /Users/runner/work/codeg-ios/codeg-ios/simbuild/Build/Products/Release-iphonesimulator/Codeg.app/Codeg -Xlinker -add_ast_path -Xlinker /Users/runner/work/codeg-ios/codeg-ios/simbuild/Build/Intermediates.noindex/SwiftTerm.build/Release-iphonesimulator/SwiftTerm.build/Objects-normal/arm64/SwiftTerm.swiftmodule @/Users/runner/work/codeg-ios/codeg-ios/simbuild/Build/Intermediates.noindex/SwiftTerm.build/Release-iphonesimulator/SwiftTerm.build/Objects-normal/arm64/SwiftTerm-linker-args.resp

ExtractAppIntentsMetadata (in target 'CodegiOS' from project 'CodegiOS')
    cd /Users/runner/work/codeg-ios/codeg-ios
    /Applications/Xcode_26.6.app/Contents/Developer/Toolchains/XcodeDefault.xctoolchain/usr/bin/appintentsmetadataprocessor --toolchain-dir /var/run/com.apple.security.cryptexd/mnt/com.apple.MobileAsset.MetalToolchain-v17.6.109.0.jogoUg/Metal.xctoolchain --module-name Codeg --sdk-root /Applications/Xcode_26.6.app/Contents/Developer/Platforms/iPhoneSimulator.platform/Developer/SDKs/iPhoneSimulator26.5.sdk --xcode-version 17F113 --platform-family iOS --deployment-target 16.0 --bundle-identifier app.codeg.ios --output /Users/runner/work/codeg-ios/codeg-ios/simbuild/Build/Products/Release-iphonesimulator/Codeg.app --target-triple arm64-apple-ios16.0-simulator --binary-file /Users/runner/work/codeg-ios/codeg-ios/simbuild/Build/Products/Release-iphonesimulator/Codeg.app/Codeg --dependency-file /Users/runner/work/codeg-ios/codeg-ios/simbuild/Build/Intermediates.noindex/CodegiOS.build/Release-iphonesimulator/CodegiOS.build/Objects-normal/arm64/Codeg_dependency_info.dat --stringsdata-file /Users/runner/work/codeg-ios/codeg-ios/simbuild/Build/Intermediates.noindex/CodegiOS.build/Release-iphonesimulator/CodegiOS.build/Objects-normal/arm64/ExtractedAppShortcutsMetadata.stringsdata --source-file-list /Users/runner/work/codeg-ios/codeg-ios/simbuild/Build/Intermediates.noindex/CodegiOS.build/Release-iphonesimulator/CodegiOS.build/Objects-normal/arm64/Codeg.SwiftFileList --metadata-file-list /Users/runner/work/codeg-ios/codeg-ios/simbuild/Build/Intermediates.noindex/CodegiOS.build/Release-iphonesimulator/CodegiOS.build/Codeg.DependencyMetadataFileList --static-metadata-file-list /Users/runner/work/codeg-ios/codeg-ios/simbuild/Build/Intermediates.noindex/CodegiOS.build/Release-iphonesimulator/CodegiOS.build/Codeg.DependencyStaticMetadataFileList --swift-const-vals-list /Users/runner/work/codeg-ios/codeg-ios/simbuild/Build/Intermediates.noindex/CodegiOS.build/Release-iphonesimulator/CodegiOS.build/Objects-normal/arm64/Codeg.SwiftConstValuesFileList --compile-time-extraction --deployment-aware-processing --validate-assistant-intents --no-app-shortcuts-localization
2026-09-24 04:50:03.001 appintentsmetadataprocessor[11439:36093] Starting appintentsmetadataprocessor export
2026-09-24 04:50:03.011 appintentsmetadataprocessor[11439:36093] warning: Metadata extraction skipped. No AppIntents.framework dependency found.

GenerateDSYMFile /Users/runner/work/codeg-ios/codeg-ios/simbuild/Build/Products/Release-iphonesimulator/Codeg.app.dSYM /Users/runner/work/codeg-ios/codeg-ios/simbuild/Build/Products/Release-iphonesimulator/Codeg.app/Codeg (in target 'CodegiOS' from project 'CodegiOS')
    cd /Users/runner/work/codeg-ios/codeg-ios
    /Applications/Xcode_26.6.app/Contents/Developer/Toolchains/XcodeDefault.xctoolchain/usr/bin/dsymutil /Users/runner/work/codeg-ios/codeg-ios/simbuild/Build/Products/Release-iphonesimulator/Codeg.app/Codeg -o /Users/runner/work/codeg-ios/codeg-ios/simbuild/Build/Products/Release-iphonesimulator/Codeg.app.dSYM

CopySwiftLibs /Users/runner/work/codeg-ios/codeg-ios/simbuild/Build/Products/Release-iphonesimulator/Codeg.app (in target 'CodegiOS' from project 'CodegiOS')
    cd /Users/runner/work/codeg-ios/codeg-ios
    builtin-swiftStdLibTool --copy --verbose --scan-executable /Users/runner/work/codeg-ios/codeg-ios/simbuild/Build/Products/Release-iphonesimulator/Codeg.app/Codeg --scan-folder /Users/runner/work/codeg-ios/codeg-ios/simbuild/Build/Products/Release-iphonesimulator/Codeg.app/Frameworks --scan-folder /Users/runner/work/codeg-ios/codeg-ios/simbuild/Build/Products/Release-iphonesimulator/Codeg.app/PlugIns --scan-folder /Users/runner/work/codeg-ios/codeg-ios/simbuild/Build/Products/Release-iphonesimulator/Codeg.app/SystemExtensions --scan-folder /Users/runner/work/codeg-ios/codeg-ios/simbuild/Build/Products/Release-iphonesimulator/Codeg.app/Extensions --platform iphonesimulator --toolchain /var/run/com.apple.security.cryptexd/mnt/com.apple.MobileAsset.MetalToolchain-v17.6.109.0.jogoUg/Metal.xctoolchain --toolchain /Applications/Xcode_26.6.app/Contents/Developer/Toolchains/XcodeDefault.xctoolchain --destination /Users/runner/work/codeg-ios/codeg-ios/simbuild/Build/Products/Release-iphonesimulator/Codeg.app/Frameworks --strip-bitcode --strip-bitcode-tool /Applications/Xcode_26.6.app/Contents/Developer/Toolchains/XcodeDefault.xctoolchain/usr/bin/bitcode_strip --emit-dependency-info /Users/runner/work/codeg-ios/codeg-ios/simbuild/Build/Intermediates.noindex/CodegiOS.build/Release-iphonesimulator/CodegiOS.build/SwiftStdLibToolInputDependencies.dep --filter-for-swift-os --back-deploy-swift-span
Ignoring --strip-bitcode because --sign was not passed

AppIntentsSSUTraining (in target 'CodegiOS' from project 'CodegiOS')
    cd /Users/runner/work/codeg-ios/codeg-ios
    /Applications/Xcode_26.6.app/Contents/Developer/Toolchains/XcodeDefault.xctoolchain/usr/bin/appintentsnltrainingprocessor --infoplist-path /Users/runner/work/codeg-ios/codeg-ios/simbuild/Build/Products/Release-iphonesimulator/Codeg.app/Info.plist --temp-dir-path /Users/runner/work/codeg-ios/codeg-ios/simbuild/Build/Intermediates.noindex/CodegiOS.build/Release-iphonesimulator/CodegiOS.build/ssu --bundle-id app.codeg.ios --product-path /Users/runner/work/codeg-ios/codeg-ios/simbuild/Build/Products/Release-iphonesimulator/Codeg.app --extracted-metadata-path /Users/runner/work/codeg-ios/codeg-ios/simbuild/Build/Products/Release-iphonesimulator/Codeg.app/Metadata.appintents --metadata-file-list /Users/runner/work/codeg-ios/codeg-ios/simbuild/Build/Intermediates.noindex/CodegiOS.build/Release-iphonesimulator/CodegiOS.build/Codeg.DependencyMetadataFileList --source-file /Users/runner/work/codeg-ios/codeg-ios/simbuild/Build/Products/Release-iphonesimulator/Codeg.app/Info.plist --archive-ssu-assets
2026-09-24 04:50:03.075 appintentsnltrainingprocessor[11450:36120] Parsing options for appintentsnltrainingprocessor
2026-09-24 04:50:03.076 appintentsnltrainingprocessor[11450:36120] Starting AppIntents SSU YAML Generation
2026-09-24 04:50:03.080 appintentsnltrainingprocessor[11450:36120] No AppShortcuts found - Skipping.

RegisterExecutionPolicyException /Users/runner/work/codeg-ios/codeg-ios/simbuild/Build/Products/Release-iphonesimulator/Codeg.app (in target 'CodegiOS' from project 'CodegiOS')
    cd /Users/runner/work/codeg-ios/codeg-ios
    builtin-RegisterExecutionPolicyException /Users/runner/work/codeg-ios/codeg-ios/simbuild/Build/Products/Release-iphonesimulator/Codeg.app

Validate /Users/runner/work/codeg-ios/codeg-ios/simbuild/Build/Products/Release-iphonesimulator/Codeg.app (in target 'CodegiOS' from project 'CodegiOS')
    cd /Users/runner/work/codeg-ios/codeg-ios
    builtin-validationUtility /Users/runner/work/codeg-ios/codeg-ios/simbuild/Build/Products/Release-iphonesimulator/Codeg.app -shallow-bundle -infoplist-subpath Info.plist

Touch /Users/runner/work/codeg-ios/codeg-ios/simbuild/Build/Products/Release-iphonesimulator/Codeg.app (in target 'CodegiOS' from project 'CodegiOS')
    cd /Users/runner/work/codeg-ios/codeg-ios
    /usr/bin/touch -c /Users/runner/work/codeg-ios/codeg-ios/simbuild/Build/Products/Release-iphonesimulator/Codeg.app

** BUILD SUCCEEDED **

